id,auto_doc_no,order_no,order_date,customer_name,product_name,weight_label,sale_qty,total_weight_grams,sales_key,inventory_issue_code,inventory_code,inventory_name,issue_factor,issue_qty,inventory_unit,suggested_lot_code,suggested_exp_date,suggested_lot_qty_before,suggested_lot_cumulative_auto,consumed_lot_code,consumed_lot_barcode,lot_qty_before,lot_qty_after,fefo_check,status,source_row
23fa8ca9-6126-5dc6-9278-c7df7b332a6a,AUTO-0001,DH0001,2026-03-17,Anh Quân,Ứ́c gà gừng tỏi,150g,2,300,Ứ́c gà gừng tỏi | 150g,TP003,TP003,Ứ́c gà gừng tỏi,1,2,phần/gói,,,,,,,,,,CHỌN/TÁCH LÔ,3
ddf08df8-6989-56cf-84fd-9d24fb7e0f1c,AUTO-0002,DH0001,2026-03-17,Anh Quân,Ức gà ngũ vị,150g,2,300,Ức gà ngũ vị | 150g,TP002,TP002,Ức gà ngũ vị,1,2,phần/gói,,,,,,,,,,CHỌN/TÁCH LÔ,4
3d1ac705-65d6-5dca-a294-5af06ebbdab7,AUTO-0003,DH0001,2026-03-17,Anh Quân,Nạc heo sả nghệ,150g,2,300,Nạc heo sả nghệ | 150g,TP007,TP007,Nạc heo sả nghệ,1,2,phần/gói,,,,,,,,,,CHỌN/TÁCH LÔ,5
8aa67e5a-3360-5c6d-8fb8-28e6dce4eb97,AUTO-0004,DH0001,2026-03-17,Anh Quân,Tôm cajun,150g,2,300,Tôm cajun | 150g,TP012,TP012,Tôm cajun,1,2,phần/gói,,,,,,,,,,CHỌN/TÁCH LÔ,6
de9be0a0-bab4-58e2-b757-8cae5a942027,AUTO-0005,DH0001,2026-03-17,Anh Quân,Cá thu cà ri,150g,2,300,Cá thu cà ri | 150g,TP013,TP013,Cá thu cà ri,1,2,phần/gói,,,,,,,,,,CHỌN/TÁCH LÔ,7
d7531b14-bfe9-5d0f-af0a-29af2751a2d8,AUTO-0006,DH0002,2026-03-17,Chị Nga,Ức gà cajun,200g,1,200,Ức gà cajun | 200g,TP001,TP001,Ức gà cajun,1,1,phần/gói,,,,,,,,,,CHỌN/TÁCH LÔ,8
baba8d42-28d8-5c56-9a10-f16acd2c287c,AUTO-0007,DH0002,2026-03-17,Chị Nga,Nạ̣c heo ngũ vị,200g,1,200,Nạ̣c heo ngũ vị | 200g,TP008,TP008,Nạ̣c heo ngũ vị,1,1,phần/gói,,,,,,,,,,CHỌN/TÁCH LÔ,9
8320af59-34ef-5c7e-86fe-2af4b6f93a2d,AUTO-0008,DH0002,2026-03-17,Chị Nga,Nạc heo sả nghệ,200g,1,200,Nạc heo sả nghệ | 200g,TP007,TP007,Nạc heo sả nghệ,1,1,phần/gói,,,,,,,,,,CHỌN/TÁCH LÔ,10
d83c5c46-07d3-5266-a13d-0ffb67605b2c,AUTO-0009,DH0002,2026-03-17,Chị Nga,Thăn bò̀ cajun,200g,1,200,Thăn bò̀ cajun | 200g,TP010,TP010,Thăn bò̀ cajun,1,1,phần/gói,,,,,,,,,,CHỌN/TÁCH LÔ,11
a2757c86-095c-5d35-9750-d31715dc7150,AUTO-0010,DH0002,2026-03-17,Chị Nga,Thăn bò ngũ vị,200g,1,200,Thăn bò ngũ vị | 200g,TP009,TP009,Thăn bò ngũ vị,1,1,phần/gói,,,,,,,,,,CHỌN/TÁCH LÔ,12
f9e604ba-7826-5c82-b2ba-7f60c2be2bd2,AUTO-0011,DH0003,2026-03-17,Bích Thuận,Tôm cajun,100g,2,200,Tôm cajun | 100g,TP012,TP012,Tôm cajun,1,2,phần/gói,,,,,,,,,,CHỌN/TÁCH LÔ,13
bb890493-acc3-593f-8486-d3e1acd5c81c,AUTO-0012,DH0003,2026-03-17,Bích Thuận,Ức gà ngũ vị,150g,1,150,Ức gà ngũ vị | 150g,TP002,TP002,Ức gà ngũ vị,1,1,phần/gói,,,,,,,,,,CHỌN/TÁCH LÔ,14
d6f534ce-b690-5275-b6ad-e554c50c8c9a,AUTO-0013,DH0003,2026-03-17,Bích Thuận,Ứ́c gà gừng tỏi,150g,1,150,Ứ́c gà gừng tỏi | 150g,TP003,TP003,Ứ́c gà gừng tỏi,1,1,phần/gói,,,,,,,,,,CHỌN/TÁCH LÔ,15
1eb798eb-b4ae-54b0-b578-3156cac1a0a1,AUTO-0014,DH0003,2026-03-17,Bích Thuận,Ức gà̀ cà ri,150g,1,150,Ức gà̀ cà ri | 150g,TP004,TP004,Ức gà̀ cà ri,1,1,phần/gói,,,,,,,,,,CHỌN/TÁCH LÔ,16
111bf334-6576-5089-9ffb-f388b7d728f4,AUTO-0015,DH0004,2026-03-17,Ms. Ngọc - Chung cư Feliz,Ứ́c gà gừng tỏi,200g,1,200,Ứ́c gà gừng tỏi | 200g,TP003,TP003,Ứ́c gà gừng tỏi,1,1,phần/gói,,,,,,,,,,CHỌN/TÁCH LÔ,17
11f8808b-08db-5711-aecd-0d46e0c39ce8,AUTO-0016,DH0004,2026-03-17,Ms. Ngọc - Chung cư Feliz,Cốt lết mè rang,200g,1,200,Cốt lết mè rang | 200g,TP005,TP005,Cốt lết mè rang,1,1,phần/gói,,,,,,,,,,CHỌN/TÁCH LÔ,18
ed10a74d-6d48-5894-8998-51903d55c753,AUTO-0017,DH0004,2026-03-17,Ms. Ngọc - Chung cư Feliz,Nạc heo sả nghệ,200g,1,200,Nạc heo sả nghệ | 200g,TP007,TP007,Nạc heo sả nghệ,1,1,phần/gói,,,,,,,,,,CHỌN/TÁCH LÔ,19
0f6be2a9-11b2-5783-a583-cce9332ebde1,AUTO-0018,DH0004,2026-03-17,Ms. Ngọc - Chung cư Feliz,Thăn bò ngũ vị,200g,1,200,Thăn bò ngũ vị | 200g,TP009,TP009,Thăn bò ngũ vị,1,1,phần/gói,,,,,,,,,,CHỌN/TÁCH LÔ,20
6b1ed55f-3571-5bed-be7c-f3507f57bc43,AUTO-0019,DH0004,2026-03-17,Ms. Ngọc - Chung cư Feliz,Cá thu cà ri,200g,1,200,Cá thu cà ri | 200g,TP013,TP013,Cá thu cà ri,1,1,phần/gói,,,,,,,,,,CHỌN/TÁCH LÔ,21
44809408-abeb-5310-a798-aaa92f02d5cf,AUTO-0020,DH0005,2026-03-17,Mẹ Bột - Chung cư City Garden,Ức gà cajun,200g,2,400,Ức gà cajun | 200g,TP001,TP001,Ức gà cajun,1,2,phần/gói,,,,,,,,,,CHỌN/TÁCH LÔ,22
8661f450-488f-59ec-9c07-fc0e7ec188aa,AUTO-0021,DH0005,2026-03-17,Mẹ Bột - Chung cư City Garden,Ức gà ngũ vị,200g,1,200,Ức gà ngũ vị | 200g,TP002,TP002,Ức gà ngũ vị,1,1,phần/gói,,,,,,,,,,CHỌN/TÁCH LÔ,23
8ec9bb22-139a-53dc-abbb-04e1b4f49d98,AUTO-0022,DH0005,2026-03-17,Mẹ Bột - Chung cư City Garden,Cốt lết mè rang,200g,1,200,Cốt lết mè rang | 200g,TP005,TP005,Cốt lết mè rang,1,1,phần/gói,,,,,,,,,,CHỌN/TÁCH LÔ,24
75967602-32cf-51c5-a340-5a99f7c0f9a5,AUTO-0023,DH0005,2026-03-17,Mẹ Bột - Chung cư City Garden,Nạc heo sả nghệ,200g,1,200,Nạc heo sả nghệ | 200g,TP007,TP007,Nạc heo sả nghệ,1,1,phần/gói,,,,,,,,,,CHỌN/TÁCH LÔ,25
858e1803-c210-53d0-bbd8-54eeadcfa22c,AUTO-0024,DH0006,2026-03-17,Yến Q7,Ức gà cajun,150g,1,150,Ức gà cajun | 150g,TP001,TP001,Ức gà cajun,1,1,phần/gói,,,,,,,,,,CHỌN/TÁCH LÔ,26
fd3da725-def6-55c4-8267-38cff48a0266,AUTO-0025,DH0006,2026-03-17,Yến Q7,Ức gà ngũ vị,150g,1,150,Ức gà ngũ vị | 150g,TP002,TP002,Ức gà ngũ vị,1,1,phần/gói,,,,,,,,,,CHỌN/TÁCH LÔ,27
7f72f085-fdcd-5f62-b01d-ad31906876b5,AUTO-0026,DH0006,2026-03-17,Yến Q7,Ứ́c gà gừng tỏi,150g,1,150,Ứ́c gà gừng tỏi | 150g,TP003,TP003,Ứ́c gà gừng tỏi,1,1,phần/gói,,,,,,,,,,CHỌN/TÁCH LÔ,28
feab0d3f-3e22-5db3-8113-f420c37cba76,AUTO-0027,DH0006,2026-03-17,Yến Q7,Ức gà̀ cà ri,150g,1,150,Ức gà̀ cà ri | 150g,TP004,TP004,Ức gà̀ cà ri,1,1,phần/gói,,,,,,,,,,CHỌN/TÁCH LÔ,29
3cdeedf0-d28c-5e95-82b8-cc96f75d07dd,AUTO-0028,DH0006,2026-03-17,Yến Q7,Cốt lết mè rang,150g,1,150,Cốt lết mè rang | 150g,TP005,TP005,Cốt lết mè rang,1,1,phần/gói,,,,,,,,,,CHỌN/TÁCH LÔ,30
02fee16b-d1fc-5ac9-9966-cb8002328022,AUTO-0029,DH0006,2026-03-17,Yến Q7,Cốt lết gừng tỏi,150g,1,150,Cốt lết gừng tỏi | 150g,TP006,TP006,Cốt lết gừng tỏi,1,1,phần/gói,,,,,,,,,,CHỌN/TÁCH LÔ,31
462fa997-78dc-55f6-b22d-282340f2898e,AUTO-0030,DH0006,2026-03-17,Yến Q7,Nạc heo sả nghệ,150g,1,150,Nạc heo sả nghệ | 150g,TP007,TP007,Nạc heo sả nghệ,1,1,phần/gói,,,,,,,,,,CHỌN/TÁCH LÔ,32
d5ccd416-a40b-5bb9-af5e-9334d8882525,AUTO-0031,DH0006,2026-03-17,Yến Q7,Nạ̣c heo ngũ vị,150g,1,150,Nạ̣c heo ngũ vị | 150g,TP008,TP008,Nạ̣c heo ngũ vị,1,1,phần/gói,,,,,,,,,,CHỌN/TÁCH LÔ,33
4768a9b1-eec0-5277-9f23-8d7046ba1bb8,AUTO-0032,DH0006,2026-03-17,Yến Q7,Thăn bò ngũ vị,150g,1,150,Thăn bò ngũ vị | 150g,TP009,TP009,Thăn bò ngũ vị,1,1,phần/gói,,,,,,,,,,CHỌN/TÁCH LÔ,34
21745273-8d4d-56d6-98c6-c05eb2e00465,AUTO-0033,DH0006,2026-03-17,Yến Q7,Thăn bò̀ cajun,150g,1,150,Thăn bò̀ cajun | 150g,TP010,TP010,Thăn bò̀ cajun,1,1,phần/gói,,,,,,,,,,CHỌN/TÁCH LÔ,35
046fbd02-4afa-5151-835d-71d048996e86,AUTO-0034,DH0006,2026-03-17,Yến Q7,Tôm gừng tỏi,150g,1,150,Tôm gừng tỏi | 150g,TP011,TP011,Tôm gừng tỏi,1,1,phần/gói,,,,,,,,,,CHỌN/TÁCH LÔ,36
25a631a5-c32b-5b4b-8c0c-75ec34729132,AUTO-0035,DH0006,2026-03-17,Yến Q7,Tôm cajun,150g,1,150,Tôm cajun | 150g,TP012,TP012,Tôm cajun,1,1,phần/gói,,,,,,,,,,CHỌN/TÁCH LÔ,37
ac269e40-b6cd-5cac-9ff7-444c840b8aa4,AUTO-0036,DH0006,2026-03-17,Yến Q7,Cá thu cà ri,150g,1,150,Cá thu cà ri | 150g,TP013,TP013,Cá thu cà ri,1,1,phần/gói,,,,,,,,,,CHỌN/TÁCH LÔ,38
a2df9336-93b1-5304-9575-94e6ddd868f8,AUTO-0037,DH0007,2026-03-17,Trúc,Thăn bò ngũ vị,100g,1,100,Thăn bò ngũ vị | 100g,TP009,TP009,Thăn bò ngũ vị,1,1,phần/gói,,,,,,,,,,CHỌN/TÁCH LÔ,39
305df15b-699e-521d-92a0-9cb6074f86ac,AUTO-0038,DH0007,2026-03-17,Trúc,Tôm gừng tỏi,100g,1,100,Tôm gừng tỏi | 100g,TP011,TP011,Tôm gừng tỏi,1,1,phần/gói,,,,,,,,,,CHỌN/TÁCH LÔ,40
37edd4ad-f8b9-54a4-a3e7-a2ff2c21a7e7,AUTO-0039,DH0007,2026-03-17,Trúc,Ức gà cajun,100g,2,200,Ức gà cajun | 100g,TP001,TP001,Ức gà cajun,1,2,phần/gói,,,,,,,,,,CHỌN/TÁCH LÔ,41
67e80d1f-2e97-51ab-9622-0b41bbf4df07,AUTO-0040,DH0007,2026-03-17,Trúc,Cốt lết mè rang,100g,1,100,Cốt lết mè rang | 100g,TP005,TP005,Cốt lết mè rang,1,1,phần/gói,,,,,,,,,,CHỌN/TÁCH LÔ,42
2ee8c4fd-75a3-5962-8d6f-d9ebfbe30164,AUTO-0041,DH0008,2026-03-17,Huyền dạy yoga cổng vào Vista,Ức gà ngũ vị,100g,1,100,Ức gà ngũ vị | 100g,TP002,TP002,Ức gà ngũ vị,1,1,phần/gói,,,,,,,,,,CHỌN/TÁCH LÔ,43
729ad2da-e289-52d7-ae5b-2bb127b0bbc0,AUTO-0042,DH0008,2026-03-17,Huyền dạy yoga cổng vào Vista,Tôm gừng tỏi,100g,1,100,Tôm gừng tỏi | 100g,TP011,TP011,Tôm gừng tỏi,1,1,phần/gói,,,,,,,,,,CHỌN/TÁCH LÔ,44
7aa8cf56-32b7-5c19-82ce-59f869788607,AUTO-0043,DH0009,2026-03-18,Anh Trung Vista,Ứ́c gà gừng tỏi,200g,1,200,Ứ́c gà gừng tỏi | 200g,TP003,TP003,Ứ́c gà gừng tỏi,1,1,phần/gói,,,,,,,,,,CHỌN/TÁCH LÔ,45
ff85a39f-88f9-5351-8d25-184d2e272c2c,AUTO-0044,DH0009,2026-03-18,Anh Trung Vista,Ức gà ngũ vị,200g,1,200,Ức gà ngũ vị | 200g,TP002,TP002,Ức gà ngũ vị,1,1,phần/gói,,,,,,,,,,CHỌN/TÁCH LÔ,46
785bf4d6-0a78-55a0-ac06-fb5872250dfe,AUTO-0045,DH0009,2026-03-18,Anh Trung Vista,Ức gà̀ cà ri,200g,1,200,Ức gà̀ cà ri | 200g,TP004,TP004,Ức gà̀ cà ri,1,1,phần/gói,,,,,,,,,,CHỌN/TÁCH LÔ,47
556d602f-5a71-56ef-9bd4-dd87e09cee1a,AUTO-0046,DH0009,2026-03-18,Anh Trung Vista,Nạc heo sả nghệ,200g,1,200,Nạc heo sả nghệ | 200g,TP007,TP007,Nạc heo sả nghệ,1,1,phần/gói,,,,,,,,,,CHỌN/TÁCH LÔ,48
cd08a7b5-acd7-5032-883b-fece10b0487a,AUTO-0047,DH0009,2026-03-18,Anh Trung Vista,Cốt lết gừng tỏi,200g,1,200,Cốt lết gừng tỏi | 200g,TP006,TP006,Cốt lết gừng tỏi,1,1,phần/gói,,,,,,,,,,CHỌN/TÁCH LÔ,49
52d2a202-cf09-581c-acee-6529c8f4d76c,AUTO-0048,DH0010,2026-03-19,Phụng Huỳnh,Tôm cajun,100g,1,100,Tôm cajun | 100g,TP012,TP012,Tôm cajun,1,1,phần/gói,,,,,,,,,,CHỌN/TÁCH LÔ,50
1384f068-4798-5559-86d5-4e8f9a36322b,AUTO-0049,DH0010,2026-03-19,Phụng Huỳnh,Tôm gừng tỏi,100g,1,100,Tôm gừng tỏi | 100g,TP011,TP011,Tôm gừng tỏi,1,1,phần/gói,,,,,,,,,,CHỌN/TÁCH LÔ,51
be219466-371c-5747-b054-34a7c2db8d6b,AUTO-0050,DH0010,2026-03-19,Phụng Huỳnh,Cá thu cà ri,100g,1,100,Cá thu cà ri | 100g,TP013,TP013,Cá thu cà ri,1,1,phần/gói,,,,,,,,,,CHỌN/TÁCH LÔ,52
de3e1df6-c277-5d4f-9973-4cd528e1fddd,AUTO-0051,DH0010,2026-03-19,Phụng Huỳnh,Ứ́c gà gừng tỏi,100g,1,100,Ứ́c gà gừng tỏi | 100g,TP003,TP003,Ứ́c gà gừng tỏi,1,1,phần/gói,,,,,,,,,,CHỌN/TÁCH LÔ,53
7ec60283-2d81-55ab-b300-eb84e4345a40,AUTO-0052,DH0010,2026-03-19,Phụng Huỳnh,Ức gà ngũ vị,100g,1,100,Ức gà ngũ vị | 100g,TP002,TP002,Ức gà ngũ vị,1,1,phần/gói,,,,,,,,,,CHỌN/TÁCH LÔ,54
61673db5-694e-57ec-bb76-850fea3200ca,AUTO-0053,DH0011,2026-03-19,Bé Quỳnh,Ức gà cajun,150g,1,150,Ức gà cajun | 150g,TP001,TP001,Ức gà cajun,1,1,phần/gói,,,,,,,,,,CHỌN/TÁCH LÔ,55
3ed15072-fe2b-5974-a85b-fe5c2487b851,AUTO-0054,DH0011,2026-03-19,Bé Quỳnh,Ức gà ngũ vị,150g,1,150,Ức gà ngũ vị | 150g,TP002,TP002,Ức gà ngũ vị,1,1,phần/gói,,,,,,,,,,CHỌN/TÁCH LÔ,56
70ffd0b0-08f1-594a-afd0-16f7b5f17422,AUTO-0055,DH0011,2026-03-19,Bé Quỳnh,Ức gà̀ cà ri,150g,1,150,Ức gà̀ cà ri | 150g,TP004,TP004,Ức gà̀ cà ri,1,1,phần/gói,,,,,,,,,,CHỌN/TÁCH LÔ,57
0ab3d897-e6e0-5bf4-abd3-6c5620fe6f33,AUTO-0056,DH0012,2026-03-20,Mai Thị Khuyên,Ứ́c gà gừng tỏi,150g,1,150,Ứ́c gà gừng tỏi | 150g,TP003,TP003,Ứ́c gà gừng tỏi,1,1,phần/gói,,,,,,,,,,CHỌN/TÁCH LÔ,58
d3e14069-a1b4-5154-b0a0-7d930a955fed,AUTO-0057,DH0012,2026-03-20,Mai Thị Khuyên,Ức gà ngũ vị,150g,1,150,Ức gà ngũ vị | 150g,TP002,TP002,Ức gà ngũ vị,1,1,phần/gói,,,,,,,,,,CHỌN/TÁCH LÔ,59
38e59a0b-bc7f-59be-b7d5-0b45b2d8bfba,AUTO-0058,DH0012,2026-03-20,Mai Thị Khuyên,Ức gà cajun,150g,1,150,Ức gà cajun | 150g,TP001,TP001,Ức gà cajun,1,1,phần/gói,,,,,,,,,,CHỌN/TÁCH LÔ,60
1d7e8731-2f87-50a5-95e0-b0aeb45e4593,AUTO-0059,DH0012,2026-03-20,Mai Thị Khuyên,Thăn bò ngũ vị,150g,1,150,Thăn bò ngũ vị | 150g,TP009,TP009,Thăn bò ngũ vị,1,1,phần/gói,,,,,,,,,,CHỌN/TÁCH LÔ,61
478b852c-2f9c-5633-bdba-5ae5ba6e4d37,AUTO-0060,DH0012,2026-03-20,Mai Thị Khuyên,Tôm gừng tỏi,150g,1,150,Tôm gừng tỏi | 150g,TP011,TP011,Tôm gừng tỏi,1,1,phần/gói,,,,,,,,,,CHỌN/TÁCH LÔ,62
5cc389b9-bf6d-5dae-a5fb-1d054e2fef99,AUTO-0061,DH0013,2026-03-21,Bích Trinh,Nạc heo sả nghệ,200g,1,200,Nạc heo sả nghệ | 200g,TP007,TP007,Nạc heo sả nghệ,1,1,phần/gói,,,,,,,,,,CHỌN/TÁCH LÔ,63
d353d4a0-f837-5cfd-a3ce-4cf86533290d,AUTO-0062,DH0013,2026-03-21,Bích Trinh,Nạ̣c heo ngũ vị,150g,1,150,Nạ̣c heo ngũ vị | 150g,TP008,TP008,Nạ̣c heo ngũ vị,1,1,phần/gói,,,,,,,,,,CHỌN/TÁCH LÔ,64
6f59120a-e5b8-5e09-b1e5-261b29d2733a,AUTO-0063,DH0013,2026-03-21,Bích Trinh,Thăn bò ngũ vị,121g,2,242,Thăn bò ngũ vị | 121g,TP009,TP009,Thăn bò ngũ vị,1,2,phần/gói,,,,,,,,,,CHỌN/TÁCH LÔ,65
d8f54a20-9274-5901-b381-87c622420e07,AUTO-0064,DH0013,2026-03-21,Bích Trinh,Tôm gừng tỏi,108g,1,108,Tôm gừng tỏi | 108g,TP011,TP011,Tôm gừng tỏi,1,1,phần/gói,,,,,,,,,,CHỌN/TÁCH LÔ,66
084ff88d-3543-59c9-87d4-c5d93f748016,AUTO-0065,DH0014,2026-03-21,Bé Huyền (Q2),Tôm cajun,80g,1,80,Tôm cajun | 80g,TP012,TP012,Tôm cajun,1,1,phần/gói,,,,,,,,,,CHỌN/TÁCH LÔ,67
bb4b1bb4-0b64-54cb-ae13-8aced73b02ef,AUTO-0066,DH0014,2026-03-21,Bé Huyền (Q2),Nạ̣c heo ngũ vị,100g,1,100,Nạ̣c heo ngũ vị | 100g,TP008,TP008,Nạ̣c heo ngũ vị,1,1,phần/gói,,,,,,,,,,CHỌN/TÁCH LÔ,68
bd4c8aa6-f603-50ce-b9ad-ff2488ad15b7,AUTO-0067,DH0014,2026-03-21,Bé Huyền (Q2),Ứ́c gà gừng tỏi,100g,1,100,Ứ́c gà gừng tỏi | 100g,TP003,TP003,Ứ́c gà gừng tỏi,1,1,phần/gói,,,,,,,,,,CHỌN/TÁCH LÔ,69
eaced737-f447-5014-9905-7f75db3c13ce,AUTO-0068,DH0014,2026-03-21,Bé Huyền (Q2),Cốt lết gừng tỏi,135g,1,135,Cốt lết gừng tỏi | 135g,TP006,TP006,Cốt lết gừng tỏi,1,1,phần/gói,,,,,,,,,,CHỌN/TÁCH LÔ,70
377e8f6e-56ef-59da-8221-7357da48847e,AUTO-0069,DH0015,2026-03-23,Ms. Vân (Q1),Thăn bò̀ cajun,120g,2,240,Thăn bò̀ cajun | 120g,TP010,TP010,Thăn bò̀ cajun,1,2,phần/gói,,,,,,,,,,CHỌN/TÁCH LÔ,71
79f13600-9b79-5423-bbf4-791e19ba08d5,AUTO-0070,DH0015,2026-03-23,Ms. Vân (Q1),Ức gà̀ cà ri,150g,1,150,Ức gà̀ cà ri | 150g,TP004,TP004,Ức gà̀ cà ri,1,1,phần/gói,,,,,,,,,,CHỌN/TÁCH LÔ,72
688823dc-9dca-558b-984a-79e5ddf14894,AUTO-0071,DH0015,2026-03-23,Ms. Vân (Q1),Ức gà ngũ vị,136g,1,136,Ức gà ngũ vị | 136g,TP002,TP002,Ức gà ngũ vị,1,1,phần/gói,,,,,,,,,,CHỌN/TÁCH LÔ,73
53354a8c-fe64-5e7f-82b0-d69a2350c68a,AUTO-0072,DH0015,2026-03-23,Ms. Vân (Q1),Nạc heo sả nghệ,115g,1,115,Nạc heo sả nghệ | 115g,TP007,TP007,Nạc heo sả nghệ,1,1,phần/gói,,,,,,,,,,CHỌN/TÁCH LÔ,74
8bd06f9d-0468-5225-9d23-c4a484ab250b,AUTO-0073,DH0015,2026-03-23,Ms. Vân (Q1),Nạc heo sả nghệ,1900-05-09 00:00:00,1,130,Nạc heo sả nghệ | 130,TP007,TP007,Nạc heo sả nghệ,1,1,phần/gói,,,,,,,,,,CHỌN/TÁCH LÔ,75
4a1ae993-34f2-5241-8e63-f7beb91dd33f,AUTO-0074,DH0016,2026-03-22,Chị Dung (A.Đức),Cá hồi kiểu âu,200g,1,200,Cá hồi kiểu âu | 200g,TP014,TP014,Cá hồi ??,1,1,phần/gói,,,,,,,,,,CHỌN/TÁCH LÔ,76
7efe48a3-0ed9-50b7-a4e4-ed5bb91516d7,AUTO-0075,DH0016,2026-03-22,Chị Dung (A.Đức),Ứ́c gà gừng tỏi,200g,1,200,Ứ́c gà gừng tỏi | 200g,TP003,TP003,Ứ́c gà gừng tỏi,1,1,phần/gói,,,,,,,,,,CHỌN/TÁCH LÔ,77
1e0b4fb3-f937-50bf-a26b-82a599e64dae,AUTO-0076,DH0016,2026-03-22,Chị Dung (A.Đức),Ức gà cajun,200g,1,200,Ức gà cajun | 200g,TP001,TP001,Ức gà cajun,1,1,phần/gói,,,,,,,,,,CHỌN/TÁCH LÔ,78
02256bd6-29e4-523a-85d2-a08a509ee638,AUTO-0077,DH0016,2026-03-22,Chị Dung (A.Đức),Nạ̣c heo tây bắc,200g,1,200,Nạ̣c heo tây bắc | 200g,TP015,TP015,Nạ̣c heo tây bắc,1,1,phần/gói,,,,,,,,,,CHỌN/TÁCH LÔ,79
301930f9-66ab-5522-853b-bfaca169a70d,AUTO-0078,DH0016,2026-03-22,Chị Dung (A.Đức),Thăn bò tây bắc,200g,1,200,Thăn bò tây bắc | 200g,TP016,TP016,Thăn bò tây bắc,1,1,phần/gói,,,,,,,,,,CHỌN/TÁCH LÔ,80
0a6483d7-7857-5137-aa09-744136276aa2,AUTO-0079,DH0017,2026-03-23,Chị Oanh (Q11),Ức gà cajun,200g,1,200,Ức gà cajun | 200g,TP001,TP001,Ức gà cajun,1,1,phần/gói,,,,,,,,,,CHỌN/TÁCH LÔ,81
e015ccd2-b1dd-5508-979f-f1c0dc165e14,AUTO-0080,DH0017,2026-03-23,Chị Oanh (Q11),Ức gà sả chanh,200g,1,200,Ức gà sả chanh | 200g,TP017,TP017,Ức gà sả chanh,1,1,phần/gói,,,,,,,,,,CHỌN/TÁCH LÔ,82
0fcc68d7-1b7d-54ea-947d-2e0af42dc59d,AUTO-0081,DH0017,2026-03-23,Chị Oanh (Q11),Ứ́c gà gừng tỏi,200g,1,200,Ứ́c gà gừng tỏi | 200g,TP003,TP003,Ứ́c gà gừng tỏi,1,1,phần/gói,,,,,,,,,,CHỌN/TÁCH LÔ,83
64c3cec7-f143-5aaf-8bcb-8207d8199648,AUTO-0082,DH0017,2026-03-23,Chị Oanh (Q11),Ức gà̀ cà ri,200g,1,200,Ức gà̀ cà ri | 200g,TP004,TP004,Ức gà̀ cà ri,1,1,phần/gói,,,,,,,,,,CHỌN/TÁCH LÔ,84
3340f9df-eebf-5986-a057-160d31bec6ec,AUTO-0083,DH0017,2026-03-23,Chị Oanh (Q11),Cốt lết mè rang,200g,1,200,Cốt lết mè rang | 200g,TP005,TP005,Cốt lết mè rang,1,1,phần/gói,,,,,,,,,,CHỌN/TÁCH LÔ,85
65eb326d-c39d-5ec8-a942-2cbd81737190,AUTO-0084,DH0017,2026-03-23,Chị Oanh (Q11),Cốt lết gừng tỏi,200g,1,200,Cốt lết gừng tỏi | 200g,TP006,TP006,Cốt lết gừng tỏi,1,1,phần/gói,,,,,,,,,,CHỌN/TÁCH LÔ,86
fe7335d1-faec-53f7-a4fe-ee3d507fc0e5,AUTO-0085,DH0017,2026-03-23,Chị Oanh (Q11),Nạ̣c heo tây bắc,200g,1,200,Nạ̣c heo tây bắc | 200g,TP015,TP015,Nạ̣c heo tây bắc,1,1,phần/gói,,,,,,,,,,CHỌN/TÁCH LÔ,87
b7dbbf45-0272-57c4-a3c0-04dc822b9685,AUTO-0086,DH0017,2026-03-23,Chị Oanh (Q11),Nạc heo sả nghệ,200g,1,200,Nạc heo sả nghệ | 200g,TP007,TP007,Nạc heo sả nghệ,1,1,phần/gói,,,,,,,,,,CHỌN/TÁCH LÔ,88
6fddfb86-4b74-55e6-9f05-5fd8686eaf0e,AUTO-0087,DH0017,2026-03-23,Chị Oanh (Q11),Thăn bò tây bắc,200g,1,200,Thăn bò tây bắc | 200g,TP016,TP016,Thăn bò tây bắc,1,1,phần/gói,,,,,,,,,,CHỌN/TÁCH LÔ,89
b5d85ce9-a444-50a3-965b-73c78122ca8d,AUTO-0088,DH0017,2026-03-23,Chị Oanh (Q11),Thăn bò̀ cajun,200g,1,200,Thăn bò̀ cajun | 200g,TP010,TP010,Thăn bò̀ cajun,1,1,phần/gói,,,,,,,,,,CHỌN/TÁCH LÔ,90
475f3010-9506-51fd-a265-27072cebfcff,AUTO-0089,DH0017,2026-03-23,Chị Oanh (Q11),Tôm gừng tỏi,200g,1,200,Tôm gừng tỏi | 200g,TP011,TP011,Tôm gừng tỏi,1,1,phần/gói,,,,,,,,,,CHỌN/TÁCH LÔ,91
b54ca885-eac2-514d-8a47-24374e1434c2,AUTO-0090,DH0017,2026-03-23,Chị Oanh (Q11),Tôm cajun,200g,1,200,Tôm cajun | 200g,TP012,TP012,Tôm cajun,1,1,phần/gói,,,,,,,,,,CHỌN/TÁCH LÔ,92
704d0066-083c-54b6-8f43-b1bd426d51e5,AUTO-0091,DH0018,2026-03-24,Chú Dụng ,Ức gà cajun,150g,1,150,Ức gà cajun | 150g,TP001,TP001,Ức gà cajun,1,1,phần/gói,,,,,,,,,,CHỌN/TÁCH LÔ,93
e36d2cc6-4165-5e0d-b908-772892a7ec08,AUTO-0092,DH0018,2026-03-24,Chú Dụng ,Ức gà cajun,100g,1,100,Ức gà cajun | 100g,TP001,TP001,Ức gà cajun,1,1,phần/gói,,,,,,,,,,CHỌN/TÁCH LÔ,94
01858a73-62ed-5704-b5cc-85de6b0264a7,AUTO-0093,DH0018,2026-03-24,Chú Dụng ,Ức gà ngũ vị,150g,1,150,Ức gà ngũ vị | 150g,TP002,TP002,Ức gà ngũ vị,1,1,phần/gói,,,,,,,,,,CHỌN/TÁCH LÔ,95
31d8cce8-b0fc-540f-a977-76c17efb58ab,AUTO-0094,DH0018,2026-03-24,Chú Dụng ,Ức gà ngũ vị,200g,1,200,Ức gà ngũ vị | 200g,TP002,TP002,Ức gà ngũ vị,1,1,phần/gói,,,,,,,,,,CHỌN/TÁCH LÔ,96
13315408-a598-5eff-b114-8e35849b3aa7,AUTO-0095,DH0018,2026-03-24,Chú Dụng ,Ứ́c gà gừng tỏi,183g,1,183,Ứ́c gà gừng tỏi | 183g,TP003,TP003,Ứ́c gà gừng tỏi,1,1,phần/gói,,,,,,,,,,CHỌN/TÁCH LÔ,97
3bd4c5aa-af55-5411-a409-73ab4d99c39a,AUTO-0096,DH0019,2026-03-24,Chị Thu (Phú Mỹ),Ức gà sả chanh,150g,2,300,Ức gà sả chanh | 150g,TP017,TP017,Ức gà sả chanh,1,2,phần/gói,,,,,,,,,,CHỌN/TÁCH LÔ,98
0cdb6378-6cf9-5927-a83b-fdcccf715f2f,AUTO-0097,DH0019,2026-03-24,Chị Thu (Phú Mỹ),Ứ́c gà gừng tỏi,150g,2,300,Ứ́c gà gừng tỏi | 150g,TP003,TP003,Ứ́c gà gừng tỏi,1,2,phần/gói,,,,,,,,,,CHỌN/TÁCH LÔ,99
4e8dd227-4ffb-5d7e-a7ee-9824121a01a4,AUTO-0098,DH0019,2026-03-24,Chị Thu (Phú Mỹ),Nạc heo sả nghệ,150g,2,300,Nạc heo sả nghệ | 150g,TP007,TP007,Nạc heo sả nghệ,1,2,phần/gói,,,,,,,,,,CHỌN/TÁCH LÔ,100
730c03fb-6e13-54fd-baf9-d61433afd12c,AUTO-0099,DH0019,2026-03-24,Chị Thu (Phú Mỹ),Thăn bò ngũ vị,150g,2,300,Thăn bò ngũ vị | 150g,TP009,TP009,Thăn bò ngũ vị,1,2,phần/gói,,,,,,,,,,CHỌN/TÁCH LÔ,101
