sheet_name,row_num,col_num,cell_ref,value_text,formula_text
Danh_sách_gia_vị,1,1,A1,Tính giá cost ,
Danh_sách_gia_vị,2,1,A2,Tên gia vị,
Danh_sách_gia_vị,2,2,B2,Đơn vị tính,
Danh_sách_gia_vị,2,3,C2,Đơn giá,
Danh_sách_gia_vị,2,4,D2,Trọng lượng cho mỗi đơn vị (G),
Danh_sách_gia_vị,2,5,E2,Giá cho 1g,
Danh_sách_gia_vị,2,7,G2,Công thức cho seasoning ngũ vị,
Danh_sách_gia_vị,2,8,H2,Trọng lượng (G),
Danh_sách_gia_vị,2,9,I2,Giá cost,
Danh_sách_gia_vị,2,10,J2,Cost của 1g hoàn chỉnh,
Danh_sách_gia_vị,2,11,K2,Cost cho 10g gia vị,
Danh_sách_gia_vị,2,12,L2,Cost cho 15g gia vị,
Danh_sách_gia_vị,3,1,A3,Muối hồng,
Danh_sách_gia_vị,3,2,B3,Hủ,
Danh_sách_gia_vị,3,3,C3,110000.0,
Danh_sách_gia_vị,3,4,D3,1000.0,
Danh_sách_gia_vị,3,5,E3,110,=SUM(C3/D3)
Danh_sách_gia_vị,3,7,G3,Muối hồng,
Danh_sách_gia_vị,3,8,H3,30.0,
Danh_sách_gia_vị,3,9,I3,3300,=H3*E3
Danh_sách_gia_vị,4,1,A4,Bột nêm rau củ,
Danh_sách_gia_vị,4,2,B4,Bịch,
Danh_sách_gia_vị,4,3,C4,200000.0,
Danh_sách_gia_vị,4,4,D4,1000.0,
Danh_sách_gia_vị,4,5,E4,200,=SUM(C4/D4)
Danh_sách_gia_vị,4,7,G4,Bột nêm rau củ,
Danh_sách_gia_vị,4,8,H4,20.0,
Danh_sách_gia_vị,4,9,I4,4000,=H4*E4
Danh_sách_gia_vị,5,1,A5,Ngũ vị hương,
Danh_sách_gia_vị,5,2,B5,Hủ,
Danh_sách_gia_vị,5,3,C5,31000.0,
Danh_sách_gia_vị,5,4,D5,40.0,
Danh_sách_gia_vị,5,5,E5,775,=SUM(C5/D5)
Danh_sách_gia_vị,5,7,G5,Ngũ vị hương,
Danh_sách_gia_vị,5,8,H5,10.0,
Danh_sách_gia_vị,5,9,I5,7750,=H5*E5
Danh_sách_gia_vị,6,1,A6,Bộ̣t tỏi,
Danh_sách_gia_vị,6,2,B6,Hủ,
Danh_sách_gia_vị,6,3,C6,34000.0,
Danh_sách_gia_vị,6,4,D6,70.0,
Danh_sách_gia_vị,6,5,E6,485.7142857,=SUM(C6/D6)
Danh_sách_gia_vị,6,7,G6,Bộ̣t tỏi,
Danh_sách_gia_vị,6,8,H6,15.0,
Danh_sách_gia_vị,6,9,I6,7285.714286,=H6*E6
Danh_sách_gia_vị,7,1,A7,Bột hành,
Danh_sách_gia_vị,7,2,B7,Hủ,
Danh_sách_gia_vị,7,3,C7,45000.0,
Danh_sách_gia_vị,7,4,D7,70.0,
Danh_sách_gia_vị,7,5,E7,642.8571429,=SUM(C7/D7)
Danh_sách_gia_vị,7,7,G7,Bột hành,
Danh_sách_gia_vị,7,8,H7,10.0,
Danh_sách_gia_vị,7,9,I7,6428.571429,=H7*E7
Danh_sách_gia_vị,8,1,A8,Bột sả,
Danh_sách_gia_vị,8,2,B8,Hủ,
Danh_sách_gia_vị,8,3,C8,26000.0,
Danh_sách_gia_vị,8,4,D8,40.0,
Danh_sách_gia_vị,8,5,E8,650,=SUM(C8/D8)
Danh_sách_gia_vị,8,7,G8,Tiêu đen xay,
Danh_sách_gia_vị,8,8,H8,5.0,
Danh_sách_gia_vị,8,9,I8,750,=H8*E16
Danh_sách_gia_vị,9,1,A9,Bột ớt,
Danh_sách_gia_vị,9,2,B9,Hủ,
Danh_sách_gia_vị,9,3,C9,24000.0,
Danh_sách_gia_vị,9,4,D9,45.0,
Danh_sách_gia_vị,9,5,E9,533.3333333,=SUM(C9/D9)
Danh_sách_gia_vị,9,7,G9,Bột nghệ,
Danh_sách_gia_vị,9,8,H9,3.0,
Danh_sách_gia_vị,9,9,I9,2314.285714,=H9*E13
Danh_sách_gia_vị,10,1,A10,Bột ngò,
Danh_sách_gia_vị,10,2,B10,Hủ,
Danh_sách_gia_vị,10,3,C10,25000.0,
Danh_sách_gia_vị,10,4,D10,40.0,
Danh_sách_gia_vị,10,5,E10,625,=SUM(C10/D10)
Danh_sách_gia_vị,10,7,G10,Đường mía,
Danh_sách_gia_vị,10,8,H10,12.0,
Danh_sách_gia_vị,10,9,I10,924,=H10*E15
Danh_sách_gia_vị,11,1,A11,Bột thì là,
Danh_sách_gia_vị,11,2,B11,Hủ,
Danh_sách_gia_vị,11,3,C11,44000.0,
Danh_sách_gia_vị,11,4,D11,40.0,
Danh_sách_gia_vị,11,5,E11,1100,=C11/D11
Danh_sách_gia_vị,11,7,G11,Tổng cộng,
Danh_sách_gia_vị,11,8,H11,105,=SUM(H3:H10)
Danh_sách_gia_vị,11,9,I11,32752.57143,=SUM(I3:I10)
Danh_sách_gia_vị,11,10,J11,311.9292517,=I11/H11
Danh_sách_gia_vị,11,11,K11,3119.292517,=J11*10
Danh_sách_gia_vị,11,12,L11,4678.938776,=J11*15
Danh_sách_gia_vị,12,1,A12,Bột quế,
Danh_sách_gia_vị,12,2,B12,Hủ,
Danh_sách_gia_vị,12,3,C12,24000.0,
Danh_sách_gia_vị,12,4,D12,35.0,
Danh_sách_gia_vị,12,5,E12,685.7142857,=SUM(C12/D12)
Danh_sách_gia_vị,13,1,A13,Bột nghệ,
Danh_sách_gia_vị,13,2,B13,Hủ,
Danh_sách_gia_vị,13,3,C13,27000.0,
Danh_sách_gia_vị,13,4,D13,35.0,
Danh_sách_gia_vị,13,5,E13,771.4285714,=SUM(C13/D13)
Danh_sách_gia_vị,13,7,G13,Công thức cho chanh sả,
Danh_sách_gia_vị,13,8,H13,Trọng lượng (G),
Danh_sách_gia_vị,13,9,I13,Giá cost,
Danh_sách_gia_vị,13,10,J13,Cost của 1g hoàn chỉnh,
Danh_sách_gia_vị,13,11,K13,Cost cho 10g gia vị  /1kg thịt,
Danh_sách_gia_vị,13,12,L13,Cost cho 15g gia vị /1kg thịt,
Danh_sách_gia_vị,14,1,A14,Bột gừng,
Danh_sách_gia_vị,14,2,B14,Hủ,
Danh_sách_gia_vị,14,3,C14,32000.0,
Danh_sách_gia_vị,14,4,D14,40.0,
Danh_sách_gia_vị,14,5,E14,800,=SUM(C14/D14)
Danh_sách_gia_vị,14,7,G14,Muối hồng,
Danh_sách_gia_vị,14,8,H14,45.0,
Danh_sách_gia_vị,14,9,I14,4950,=H14*E3
Danh_sách_gia_vị,15,1,A15,Đường mía,
Danh_sách_gia_vị,15,2,B15,Bịch,
Danh_sách_gia_vị,15,3,C15,77000.0,
Danh_sách_gia_vị,15,4,D15,1000.0,
Danh_sách_gia_vị,15,5,E15,77,=SUM(C15/D15)
Danh_sách_gia_vị,15,7,G15,Đường mía,
Danh_sách_gia_vị,15,8,H15,20.0,
Danh_sách_gia_vị,15,9,I15,1540,=H15*E15
Danh_sách_gia_vị,16,1,A16,Tiêu đen,
Danh_sách_gia_vị,16,2,B16,Hủ,
Danh_sách_gia_vị,16,3,C16,150000.0,
Danh_sách_gia_vị,16,4,D16,1000.0,
Danh_sách_gia_vị,16,5,E16,150,=SUM(C16/D16)
Danh_sách_gia_vị,16,7,G16,Sả bột,
Danh_sách_gia_vị,16,8,H16,15.0,
Danh_sách_gia_vị,16,9,I16,9750,=H16*E8
Danh_sách_gia_vị,17,1,A17,Mắc khén,
Danh_sách_gia_vị,17,2,B17,Hủ,
Danh_sách_gia_vị,17,3,C17,43000.0,
Danh_sách_gia_vị,17,4,D17,20.0,
Danh_sách_gia_vị,17,5,E17,2150,=SUM(C17/D17)
Danh_sách_gia_vị,17,7,G17,Bột hành ,
Danh_sách_gia_vị,17,8,H17,15.0,
Danh_sách_gia_vị,17,9,I17,9642.857143,=H17*E7
Danh_sách_gia_vị,18,1,A18,Lá mùi tây,
Danh_sách_gia_vị,18,2,B18,Hủ,
Danh_sách_gia_vị,18,3,C18,30000.0,
Danh_sách_gia_vị,18,4,D18,20.0,
Danh_sách_gia_vị,18,5,E18,1500,=SUM(C18/D18)
Danh_sách_gia_vị,18,7,G18,Tiêu đen xay,
Danh_sách_gia_vị,18,8,H18,10.0,
Danh_sách_gia_vị,18,9,I18,1500,=H18*E16
Danh_sách_gia_vị,19,1,A19,Lá́ xạ hương,
Danh_sách_gia_vị,19,2,B19,Hủ,
Danh_sách_gia_vị,19,3,C19,33000.0,
Danh_sách_gia_vị,19,4,D19,25.0,
Danh_sách_gia_vị,19,5,E19,1320,=SUM(C19/D19)
Danh_sách_gia_vị,19,7,G19,Bột lá chanh,
Danh_sách_gia_vị,19,8,H19,10.0,
Danh_sách_gia_vị,19,9,I19,5200,=H19*E24
Danh_sách_gia_vị,20,1,A20,Lá húng quế,
Danh_sách_gia_vị,20,2,B20,Hủ,
Danh_sách_gia_vị,20,3,C20,33000.0,
Danh_sách_gia_vị,20,4,D20,20.0,
Danh_sách_gia_vị,20,5,E20,1650,=SUM(C20/D20)
Danh_sách_gia_vị,20,7,G20,Tổng cộng,
Danh_sách_gia_vị,20,8,H20,115,=SUM(H14:H19)
Danh_sách_gia_vị,20,9,I20,32582.85714,=SUM(I14:I19)
Danh_sách_gia_vị,20,10,J20,283.3291925,=I20/H20
Danh_sách_gia_vị,20,11,K20,2833.291925,=J20*10
Danh_sách_gia_vị,20,12,L20,4249.937888,=J20*15
Danh_sách_gia_vị,21,1,A21,Lá hương thảo,
Danh_sách_gia_vị,21,2,B21,Hủ,
Danh_sách_gia_vị,21,3,C21,33000.0,
Danh_sách_gia_vị,21,4,D21,25.0,
Danh_sách_gia_vị,21,5,E21,1320,=SUM(C21/D21)
Danh_sách_gia_vị,22,1,A22,Kinh giới tây,
Danh_sách_gia_vị,22,2,B22,Bịch,
Danh_sách_gia_vị,22,3,C22,30000.0,
Danh_sách_gia_vị,22,4,D22,10.0,
Danh_sách_gia_vị,22,5,E22,3000,=SUM(C22/D22)
Danh_sách_gia_vị,22,7,G22,Công thức cho sả nghệ,
Danh_sách_gia_vị,22,8,H22,Trọng lượng (G),
Danh_sách_gia_vị,22,9,I22,Giá cost,
Danh_sách_gia_vị,22,10,J22,Cost của 1g hoàn chỉnh,
Danh_sách_gia_vị,22,11,K22,Cost cho 10g gia vị /1kg thịt,
Danh_sách_gia_vị,22,12,L22,Cost cho 15g gia vị /1kg thịt,
Danh_sách_gia_vị,23,1,A23,Hạt dổi,
Danh_sách_gia_vị,23,2,B23,Bịch,
Danh_sách_gia_vị,23,3,C23,60000.0,
Danh_sách_gia_vị,23,4,D23,50.0,
Danh_sách_gia_vị,23,5,E23,1200,=SUM(C23/D23)
Danh_sách_gia_vị,23,7,G23,Bột tỏi,
Danh_sách_gia_vị,23,8,H23,15.0,
Danh_sách_gia_vị,23,9,I23,7285.714286,=SUM(H23*E6)
Danh_sách_gia_vị,24,1,A24,Bột lá chanh,
Danh_sách_gia_vị,24,2,B24,Bịch,
Danh_sách_gia_vị,24,3,C24,26000.0,
Danh_sách_gia_vị,24,4,D24,50.0,
Danh_sách_gia_vị,24,5,E24,520,=SUM(C24/D24)
Danh_sách_gia_vị,24,7,G24,Bột cà ri,
Danh_sách_gia_vị,24,8,H24,5.0,
Danh_sách_gia_vị,24,9,I24,3000,=H24*E27
Danh_sách_gia_vị,25,1,A25,Hạt mè,
Danh_sách_gia_vị,25,2,B25,Bịch,
Danh_sách_gia_vị,25,3,C25,100000.0,
Danh_sách_gia_vị,25,4,D25,1000.0,
Danh_sách_gia_vị,25,5,E25,100,=SUM(C25/D25)
Danh_sách_gia_vị,25,7,G25,Tiêu đen xay,
Danh_sách_gia_vị,25,8,H25,5.0,
Danh_sách_gia_vị,25,9,I25,750,=H25*E16
Danh_sách_gia_vị,26,1,A26,Dầu điều,
Danh_sách_gia_vị,26,7,G26,Bột nghệ,
Danh_sách_gia_vị,26,8,H26,10.0,
Danh_sách_gia_vị,26,9,I26,7714.285714,=H26*E13
Danh_sách_gia_vị,27,1,A27,Bột cari,
Danh_sách_gia_vị,27,2,B27,Bịch,
Danh_sách_gia_vị,27,3,C27,6000.0,
Danh_sách_gia_vị,27,4,D27,10.0,
Danh_sách_gia_vị,27,5,E27,600,=SUM(C27/D27)
Danh_sách_gia_vị,27,7,G27,Bột nêm rau củ,
Danh_sách_gia_vị,27,8,H27,15.0,
Danh_sách_gia_vị,27,9,I27,3000,=H27*E4
Danh_sách_gia_vị,28,7,G28,Muối hồng ,
Danh_sách_gia_vị,28,8,H28,26.0,
Danh_sách_gia_vị,28,9,I28,2860,=H28*E3
Danh_sách_gia_vị,29,7,G29,Bột sả,
Danh_sách_gia_vị,29,8,H29,13.0,
Danh_sách_gia_vị,29,9,I29,8450,=H29*E8
Danh_sách_gia_vị,30,7,G30,Bột ớt ,
Danh_sách_gia_vị,30,8,H30,7.0,
Danh_sách_gia_vị,30,9,I30,3733.333333,=H30*E9
Danh_sách_gia_vị,31,7,G31,Tổng cộng,
Danh_sách_gia_vị,31,8,H31,96,=SUM(H23:H30)
Danh_sách_gia_vị,31,9,I31,36793.33333,=SUM(I23:I30)
Danh_sách_gia_vị,31,10,J31,383.2638889,=I31/H31
Danh_sách_gia_vị,31,11,K31,3832.638889,=J31*10
Danh_sách_gia_vị,31,12,L31,5748.958333,=J31*15
Danh_sách_gia_vị,33,7,G33,Công thức cho Tây bắc,
Danh_sách_gia_vị,33,8,H33,Trọng lượng (G),
Danh_sách_gia_vị,33,9,I33,Giá cost,
Danh_sách_gia_vị,33,10,J33,Cost của 1g hoàn chỉnh,
Danh_sách_gia_vị,33,11,K33,Cost cho 10g gia vị /1kg thịt,
Danh_sách_gia_vị,33,12,L33,Cost cho 15g gia vị /1kg thịt,
Danh_sách_gia_vị,34,7,G34,Muối hồng,
Danh_sách_gia_vị,34,8,H34,27.0,
Danh_sách_gia_vị,34,9,I34,2970,=H34*E3
Danh_sách_gia_vị,35,7,G35,Tiêu đen xay,
Danh_sách_gia_vị,35,8,H35,5.0,
Danh_sách_gia_vị,35,9,I35,750,=H35*E16
Danh_sách_gia_vị,36,7,G36,Bột tỏi,
Danh_sách_gia_vị,36,8,H36,15.0,
Danh_sách_gia_vị,36,9,I36,7285.714286,=H36*E6
Danh_sách_gia_vị,37,7,G37,Bột nêm rau củ,
Danh_sách_gia_vị,37,8,H37,27.0,
Danh_sách_gia_vị,37,9,I37,5400,=H37*E4
Danh_sách_gia_vị,38,7,G38,Bột lá chanh,
Danh_sách_gia_vị,38,8,H38,8.0,
Danh_sách_gia_vị,38,9,I38,4160,=H38*E24
Danh_sách_gia_vị,39,7,G39,Dổi,
Danh_sách_gia_vị,39,8,H39,8.0,
Danh_sách_gia_vị,39,9,I39,9600,=H39*E23
Danh_sách_gia_vị,40,7,G40,Mắc khén,
Danh_sách_gia_vị,40,8,H40,7.0,
Danh_sách_gia_vị,40,9,I40,15050,=H40*E17
Danh_sách_gia_vị,41,7,G41,Bột sả,
Danh_sách_gia_vị,41,8,H41,10.0,
Danh_sách_gia_vị,41,9,I41,6500,=H41*E8
Danh_sách_gia_vị,42,7,G42,Bột hành,
Danh_sách_gia_vị,42,8,H42,15.0,
Danh_sách_gia_vị,42,9,I42,9642.857143,=H42*E7
Danh_sách_gia_vị,43,7,G43,Tổng cộng,
Danh_sách_gia_vị,43,8,H43,122,=SUM(H34:H42)
Danh_sách_gia_vị,43,9,I43,61358.57143,=SUM(I34:I42)
Danh_sách_gia_vị,43,10,J43,502.9391101,=I43/H43
Danh_sách_gia_vị,43,11,K43,5029.391101,=J43*10
Danh_sách_gia_vị,43,12,L43,7544.086651,=J43*15
Danh_sách_gia_vị,45,7,G45,Công thức cho Cajun,
Danh_sách_gia_vị,45,8,H45,Trọng lượng (G),
Danh_sách_gia_vị,45,9,I45,Giá cost,
Danh_sách_gia_vị,45,10,J45,Cost của 1g hoàn chỉnh,
Danh_sách_gia_vị,45,11,K45,Cost cho 10g gia vị /1kg thịt,
Danh_sách_gia_vị,45,12,L45,Cost cho 15g gia vị /1kg thịt,
Danh_sách_gia_vị,46,7,G46,Muối hồng,
Danh_sách_gia_vị,46,8,H46,27.0,
Danh_sách_gia_vị,46,9,I46,2970,=H46*E3
Danh_sách_gia_vị,47,7,G47,Đường mía,
Danh_sách_gia_vị,47,8,H47,13.0,
Danh_sách_gia_vị,47,9,I47,1001,=H47*E15
Danh_sách_gia_vị,48,7,G48,Bột nêm rau củ,
Danh_sách_gia_vị,48,8,H48,15.0,
Danh_sách_gia_vị,48,9,I48,3000,=H48*E4
Danh_sách_gia_vị,49,7,G49,Bột ớt Paprika,
Danh_sách_gia_vị,49,8,H49,15.0,
Danh_sách_gia_vị,49,9,I49,8000,=H49*E9
Danh_sách_gia_vị,50,7,G50,Bột hành,
Danh_sách_gia_vị,50,8,H50,12.0,
Danh_sách_gia_vị,50,9,I50,7714.285714,=H50*E7
Danh_sách_gia_vị,51,7,G51,Bột tỏi,
Danh_sách_gia_vị,51,8,H51,12.0,
Danh_sách_gia_vị,51,9,I51,5828.571429,=H51*E6
Danh_sách_gia_vị,52,7,G52,Oregano (lá kinh giới),
Danh_sách_gia_vị,52,8,H52,5.0,
Danh_sách_gia_vị,52,9,I52,15000,=H52*E22
Danh_sách_gia_vị,53,7,G53,Bột thì là,
Danh_sách_gia_vị,53,8,H53,3.0,
Danh_sách_gia_vị,53,9,I53,3300,=H53*E11
Danh_sách_gia_vị,54,7,G54,lá húng quế,
Danh_sách_gia_vị,54,8,H54,2.0,
Danh_sách_gia_vị,54,9,I54,3300,=H54*E20
Danh_sách_gia_vị,55,7,G55,Tổng cộng,
Danh_sách_gia_vị,55,8,H55,104,=SUM(H46:H54)
Danh_sách_gia_vị,55,9,I55,50113.85714,=SUM(I46:I54)
Danh_sách_gia_vị,55,10,J55,481.864011,=I55/H55
Danh_sách_gia_vị,55,11,K55,4818.64011,=J55*10
Danh_sách_gia_vị,55,12,L55,7227.960165,=J55*15
Danh_sách_gia_vị,57,7,G57,Công thức cho Mè Rang,
Danh_sách_gia_vị,57,8,H57,Trọng lượng (G),
Danh_sách_gia_vị,57,9,I57,Giá cost,
Danh_sách_gia_vị,57,10,J57,Cost của 1g hoàn chỉnh,
Danh_sách_gia_vị,57,11,K57,Cost cho 10g gia vị /1kg thịt,
Danh_sách_gia_vị,57,12,L57,Cost cho 15g gia vị /1kg thịt,
Danh_sách_gia_vị,58,7,G58,Mè rang,
Danh_sách_gia_vị,58,8,H58,30.0,
Danh_sách_gia_vị,58,9,I58,3000,=H58*E25
Danh_sách_gia_vị,59,7,G59,Muối hồng,
Danh_sách_gia_vị,59,8,H59,39.0,
Danh_sách_gia_vị,59,9,I59,4290,=H59*E3
Danh_sách_gia_vị,60,7,G60,Đường mía ,
Danh_sách_gia_vị,60,8,H60,15.0,
Danh_sách_gia_vị,60,9,I60,1155,=H60*E15
Danh_sách_gia_vị,61,7,G61,Bột nêm rau củ,
Danh_sách_gia_vị,61,8,H61,22.0,
Danh_sách_gia_vị,61,9,I61,17050,=H61*E5
Danh_sách_gia_vị,62,7,G62,Bộ̣t gừng,
Danh_sách_gia_vị,62,8,H62,4.0,
Danh_sách_gia_vị,62,9,I62,3200,=H62*E14
Danh_sách_gia_vị,63,7,G63,Bột hành,
Danh_sách_gia_vị,63,8,H63,30.0,
Danh_sách_gia_vị,63,9,I63,19285.71429,=H63*E7
Danh_sách_gia_vị,64,7,G64,Tổng cộng,
Danh_sách_gia_vị,64,8,H64,140,=SUM(H58:H63)
Danh_sách_gia_vị,64,9,I64,47980.71429,=SUM(I58:I63)
Danh_sách_gia_vị,64,10,J64,342.7193878,=I64/H64
Danh_sách_gia_vị,64,11,K64,3427.193878,=J64*10
Danh_sách_gia_vị,64,12,L64,5140.790816,=J64*15
Danh_sách_gia_vị,67,7,G67,Công thức cho Gừng tỏi,
Danh_sách_gia_vị,67,8,H67,Trọng lượng (G),
Danh_sách_gia_vị,67,9,I67,Giá cost,
Danh_sách_gia_vị,67,10,J67,Cost của 1g hoàn chỉnh,
Danh_sách_gia_vị,67,11,K67,Cost cho 10g gia vị /1kg thịt,
Danh_sách_gia_vị,67,12,L67,Cost cho 15g gia vị /1kg thịt,
Danh_sách_gia_vị,68,7,G68,Bột gừng,
Danh_sách_gia_vị,68,8,H68,15.0,
Danh_sách_gia_vị,68,9,I68,12000,=H68*E14
Danh_sách_gia_vị,69,7,G69,Tiêu đen,
Danh_sách_gia_vị,69,8,H69,15.0,
Danh_sách_gia_vị,69,9,I69,2250,=H69*E16
Danh_sách_gia_vị,70,7,G70,Muối hồng,
Danh_sách_gia_vị,70,8,H70,39.0,
Danh_sách_gia_vị,70,9,I70,4290,=H70*E3
Danh_sách_gia_vị,71,7,G71,Đường mía,
Danh_sách_gia_vị,71,8,H71,7.0,
Danh_sách_gia_vị,71,9,I71,539,=H71*E15
Danh_sách_gia_vị,72,7,G72,Bột tỏi,
Danh_sách_gia_vị,72,8,H72,30.0,
Danh_sách_gia_vị,72,9,I72,14571.42857,=H72*E6
Danh_sách_gia_vị,73,7,G73,Bột nêm rau củ,
Danh_sách_gia_vị,73,8,H73,29.0,
Danh_sách_gia_vị,73,9,I73,5800,=H73*E4
Danh_sách_gia_vị,74,7,G74,Tổng cộng,
Danh_sách_gia_vị,74,8,H74,135,=SUM(H68:H73)
Danh_sách_gia_vị,74,9,I74,39450.42857,=SUM(I68:I73)
Danh_sách_gia_vị,74,10,J74,292.2253968,=I74/H74
Danh_sách_gia_vị,74,11,K74,2922.253968,=J74*10
Danh_sách_gia_vị,74,12,L74,4383.380952,=J74*15
Danh_sách_gia_vị,76,7,G76,Công thức cho Cà ri,
Danh_sách_gia_vị,76,8,H76,Trọng lượng (G),
Danh_sách_gia_vị,76,9,I76,Giá cost,
Danh_sách_gia_vị,76,10,J76,Cost của 1g hoàn chỉnh,
Danh_sách_gia_vị,76,11,K76,Cost cho 10g gia vị /1kg thịt,
Danh_sách_gia_vị,76,12,L76,Cost cho 15g gia vị /1kg thịt,
Danh_sách_gia_vị,77,7,G77,Muối hồng,
Danh_sách_gia_vị,77,8,H77,25.0,
Danh_sách_gia_vị,77,9,I77,2750,=H77*E3
Danh_sách_gia_vị,78,7,G78,Bột nêm rau củ,
Danh_sách_gia_vị,78,8,H78,40.0,
Danh_sách_gia_vị,78,9,I78,8000,=H78*E4
Danh_sách_gia_vị,79,7,G79,Lá chanh,
Danh_sách_gia_vị,79,8,H79,10.0,
Danh_sách_gia_vị,79,9,I79,5200,=H79*E24
Danh_sách_gia_vị,80,7,G80,Đường mía ,
Danh_sách_gia_vị,80,8,H80,20.0,
Danh_sách_gia_vị,80,9,I80,1540,=H80*E15
Danh_sách_gia_vị,81,7,G81,Bộ̣t cà ri,
Danh_sách_gia_vị,81,8,H81,12.5,
Danh_sách_gia_vị,81,9,I81,7500,=H81*E27
Danh_sách_gia_vị,82,7,G82,Tiêu ,
Danh_sách_gia_vị,82,8,H82,15.0,
Danh_sách_gia_vị,82,9,I82,2250,=H82*E16
Danh_sách_gia_vị,83,7,G83,Tổng cộng,
Danh_sách_gia_vị,83,8,H83,122.5,=SUM(H77:H82)
Danh_sách_gia_vị,83,9,I83,27240,=SUM(I77:I82)
Danh_sách_gia_vị,83,10,J83,222.3673469,=I83/H83
Danh_sách_gia_vị,83,11,K83,2223.673469,=J83*10
Danh_sách_gia_vị,83,12,L83,3335.510204,=J83*15
Danh_sách_gia_vị,85,7,G85,Công thức cho Kiểu Âu,
Danh_sách_gia_vị,85,8,H85,Trọng lượng (G),
Danh_sách_gia_vị,85,9,I85,Giá cost,
Danh_sách_gia_vị,85,10,J85,Cost của 1g hoàn chỉnh,
Danh_sách_gia_vị,85,11,K85,Cost cho 10g gia vị /1kg thịt,
Danh_sách_gia_vị,85,12,L85,Cost cho 15g gia vị /1kg thịt,
Danh_sách_gia_vị,86,7,G86,Muối hồng,
Danh_sách_gia_vị,86,8,H86,25.0,
Danh_sách_gia_vị,86,9,I86,2750,=H86*E3
Danh_sách_gia_vị,87,7,G87,Bột nêm rau củ,
Danh_sách_gia_vị,87,8,H87,22.0,
Danh_sách_gia_vị,87,9,I87,4400,=H87*E4
Danh_sách_gia_vị,88,7,G88,Đường mía ,
Danh_sách_gia_vị,88,8,H88,12.0,
Danh_sách_gia_vị,88,9,I88,924,=H88*E15
Danh_sách_gia_vị,89,7,G89,Bột ớt origano,
Danh_sách_gia_vị,89,8,H89,10.0,
Danh_sách_gia_vị,89,9,I89,5333.333333,=H89*E9
Danh_sách_gia_vị,90,7,G90,Tiêu đen,
Danh_sách_gia_vị,90,8,H90,10.0,
Danh_sách_gia_vị,90,9,I90,1500,=H90*E16
Danh_sách_gia_vị,91,7,G91,Hương thảo,
Danh_sách_gia_vị,91,8,H91,5.0,
Danh_sách_gia_vị,91,9,I91,6600,=H91*E21
Danh_sách_gia_vị,92,7,G92,Bột tỏi ,
Danh_sách_gia_vị,92,8,H92,24.0,
Danh_sách_gia_vị,92,9,I92,11657.14286,=H92*E6
Danh_sách_gia_vị,93,7,G93,Húng quế,
Danh_sách_gia_vị,93,8,H93,5.0,
Danh_sách_gia_vị,93,9,I93,8250,=H93*E20
Danh_sách_gia_vị,94,7,G94,Tổng cộng,
Danh_sách_gia_vị,94,8,H94,113,=SUM(H86:H93)
Danh_sách_gia_vị,94,9,I94,21507.33333,=SUM(I86:I91)
Danh_sách_gia_vị,94,10,J94,190.3303835,=I94/H94
Danh_sách_gia_vị,94,11,K94,1903.303835,=J94*10
Danh_sách_gia_vị,94,12,L94,2854.955752,=J94*15
Tính_giá_vốn_món_chính,1,1,A1,Tính giá cost ,
Tính_giá_vốn_món_chính,1,11,K1,Gà cajun 1KG/10bich 100g,
Tính_giá_vốn_món_chính,1,12,L1,Đơn vị tính,
Tính_giá_vốn_món_chính,1,13,M1,Số lượng,
Tính_giá_vốn_món_chính,1,14,N1,Giá cost,
Tính_giá_vốn_món_chính,1,15,O1,Cost của 100g hoàn chỉnh,
Tính_giá_vốn_món_chính,1,16,P1,Giá sỉ lãi 30%,
Tính_giá_vốn_món_chính,1,17,Q1,Thuế,
Tính_giá_vốn_món_chính,1,18,R1,Giá bán lãi 40%,
Tính_giá_vốn_món_chính,1,19,S1,Thuế,
Tính_giá_vốn_món_chính,2,1,A2,Tên gia vị,
Tính_giá_vốn_món_chính,2,2,B2,Đơn vị tính,
Tính_giá_vốn_món_chính,2,3,C2,Đơn giá,
Tính_giá_vốn_món_chính,2,4,D2,Trọng lượng cho mỗi đơn vị (G),
Tính_giá_vốn_món_chính,2,5,E2,Giá cho 1g,
Tính_giá_vốn_món_chính,2,11,K2,Ức gà,
Tính_giá_vốn_món_chính,2,12,L2,G,
Tính_giá_vốn_món_chính,2,13,M2,1000.0,
Tính_giá_vốn_món_chính,2,14,N2,70000.0,
Tính_giá_vốn_món_chính,3,1,A3,Túi hút chân không,
Tính_giá_vốn_món_chính,3,2,B3,Cái,
Tính_giá_vốn_món_chính,3,3,C3,65000.0,
Tính_giá_vốn_món_chính,3,4,D3,100.0,
Tính_giá_vốn_món_chính,3,5,E3,650,=SUM(C3/D3)
Tính_giá_vốn_món_chính,3,11,K3,gia vị cajun,
Tính_giá_vốn_món_chính,3,12,L3,G,
Tính_giá_vốn_món_chính,3,13,M3,15.0,
Tính_giá_vốn_món_chính,3,14,N3,7227.960165,=M3*'Danh_sách_gia_vị'!J55
Tính_giá_vốn_món_chính,4,1,A4,Dầu ăn hướng dương,
Tính_giá_vốn_món_chính,4,2,B4,Chai/Lít,
Tính_giá_vốn_món_chính,4,3,C4,85000.0,
Tính_giá_vốn_món_chính,4,4,D4,1000.0,
Tính_giá_vốn_món_chính,4,5,E4,85,=SUM(C4/D4)
Tính_giá_vốn_món_chính,4,11,K4,Tỏi băm + trang trí,
Tính_giá_vốn_món_chính,4,12,L4,G,
Tính_giá_vốn_món_chính,4,13,M4,20.0,
Tính_giá_vốn_món_chính,4,14,N4,1000,=M4*E17
Tính_giá_vốn_món_chính,5,1,A5,Bao tay,
Tính_giá_vốn_món_chính,5,2,B5,Cái,
Tính_giá_vốn_món_chính,5,3,C5,92000.0,
Tính_giá_vốn_món_chính,5,4,D5,100.0,
Tính_giá_vốn_món_chính,5,5,E5,920,=SUM(C5/D5)
Tính_giá_vốn_món_chính,5,11,K5,Giấy,
Tính_giá_vốn_món_chính,5,12,L5,tờ,
Tính_giá_vốn_món_chính,5,13,M5,6.0,
Tính_giá_vốn_món_chính,5,14,N5,1020,=M5*E6
Tính_giá_vốn_món_chính,6,1,A6,Khăn giấy bếp 2 lớp,
Tính_giá_vốn_món_chính,6,2,B6,Tờ,
Tính_giá_vốn_món_chính,6,3,C6,34000.0,
Tính_giá_vốn_món_chính,6,4,D6,200.0,
Tính_giá_vốn_món_chính,6,5,E6,170,=SUM(C6/D6)
Tính_giá_vốn_món_chính,6,11,K6,Bao tay,
Tính_giá_vốn_món_chính,6,12,L6,Cái,
Tính_giá_vốn_món_chính,6,13,M6,2.0,
Tính_giá_vốn_món_chính,6,14,N6,1840,=M6*E5
Tính_giá_vốn_món_chính,7,1,A7,Thăn heo (nạc),
Tính_giá_vốn_món_chính,7,2,B7,KG,
Tính_giá_vốn_món_chính,7,3,C7,111000.0,
Tính_giá_vốn_món_chính,7,4,D7,694.0,
Tính_giá_vốn_món_chính,7,5,E7,159.9423631,=SUM(C7/D7)
Tính_giá_vốn_món_chính,7,11,K7,Túi hút ,
Tính_giá_vốn_món_chính,7,12,L7,Cái,
Tính_giá_vốn_món_chính,7,13,M7,10.0,
Tính_giá_vốn_món_chính,7,14,N7,6500,=M7*E3
Tính_giá_vốn_món_chính,8,1,A8,Cốt lết,
Tính_giá_vốn_món_chính,8,2,B8,KG,
Tính_giá_vốn_món_chính,8,3,C8,105000.0,
Tính_giá_vốn_món_chính,8,4,D8,1000.0,
Tính_giá_vốn_món_chính,8,5,E8,105,=SUM(C8/D8)
Tính_giá_vốn_món_chính,8,11,K8,Dầu,
Tính_giá_vốn_món_chính,8,12,L8,G,
Tính_giá_vốn_món_chính,8,13,M8,20.0,
Tính_giá_vốn_món_chính,8,14,N8,1700,=M8*E4
Tính_giá_vốn_món_chính,9,1,A9,Nạt vai,
Tính_giá_vốn_món_chính,9,2,B9,KG,
Tính_giá_vốn_món_chính,9,3,C9,105000.0,
Tính_giá_vốn_món_chính,9,4,D9,1000.0,
Tính_giá_vốn_món_chính,9,5,E9,105,=SUM(C9/D9)
Tính_giá_vốn_món_chính,9,11,K9,Phát sinh phụ,
Tính_giá_vốn_món_chính,9,12,L9,KG,
Tính_giá_vốn_món_chính,9,13,M9,1000.0,
Tính_giá_vốn_món_chính,9,14,N9,50000,=M9*E19
Tính_giá_vốn_món_chính,10,1,A10,Tôm thẻ,
Tính_giá_vốn_món_chính,10,2,B10,KG,
Tính_giá_vốn_món_chính,10,3,C10,400000.0,
Tính_giá_vốn_món_chính,10,4,D10,1000.0,
Tính_giá_vốn_món_chính,10,5,E10,400,=SUM(C10/D10)
Tính_giá_vốn_món_chính,10,11,K10,Tem nhãn,
Tính_giá_vốn_món_chính,10,12,L10,Cái,
Tính_giá_vốn_món_chính,10,13,M10,10.0,
Tính_giá_vốn_món_chính,10,14,N10,7300,=M10*E20
Tính_giá_vốn_món_chính,11,1,A11,Cá thu nguyên lát,
Tính_giá_vốn_món_chính,11,2,B11,KG,
Tính_giá_vốn_món_chính,11,3,C11,200000.0,
Tính_giá_vốn_món_chính,11,4,D11,1000.0,
Tính_giá_vốn_món_chính,11,5,E11,200,=SUM(C11/D11)
Tính_giá_vốn_món_chính,11,11,K11,Túi giữ nhiệt,
Tính_giá_vốn_món_chính,11,12,L11,Gói,
Tính_giá_vốn_món_chính,11,13,M11,1.0,
Tính_giá_vốn_món_chính,11,14,N11,1800,=M11*E21
Tính_giá_vốn_món_chính,12,1,A12,Ức gà bình điền,
Tính_giá_vốn_món_chính,12,2,B12,KG,
Tính_giá_vốn_món_chính,12,3,C12,70000.0,
Tính_giá_vốn_món_chính,12,4,D12,1000.0,
Tính_giá_vốn_món_chính,12,5,E12,70,=SUM(C12/D12)
Tính_giá_vốn_món_chính,12,11,K12,Tổng cộng,
Tính_giá_vốn_món_chính,12,14,N12,148387.9602,=SUM(N2:N11)
Tính_giá_vốn_món_chính,12,15,O12,14838.79602,=N12/10
Tính_giá_vốn_món_chính,12,16,P12,19290.43482,=O12*1.3
Tính_giá_vốn_món_chính,12,17,Q12,20158.50439,=P12*1.045
Tính_giá_vốn_món_chính,12,18,R12,25077.56527,=P12*1.3
Tính_giá_vốn_món_chính,12,19,S12,26206.0557,=R12*1.045
Tính_giá_vốn_món_chính,13,1,A13,Đù̀i bòi gà,
Tính_giá_vốn_món_chính,13,2,B13,KG,
Tính_giá_vốn_món_chính,13,3,C13,68000.0,
Tính_giá_vốn_món_chính,13,4,D13,1000.0,
Tính_giá_vốn_món_chính,13,5,E13,68,=SUM(C13/D13)
Tính_giá_vốn_món_chính,13,11,K13,Gà ngũ vị 1KG/10bich 100g,
Tính_giá_vốn_món_chính,13,12,L13,Đơn vị tính,
Tính_giá_vốn_món_chính,13,13,M13,Số lượng,
Tính_giá_vốn_món_chính,13,14,N13,Giá cost,
Tính_giá_vốn_món_chính,13,15,O13,Cost của 100g hoàn chỉnh,
Tính_giá_vốn_món_chính,13,16,P13,Giá sỉ lãi 30%,
Tính_giá_vốn_món_chính,13,17,Q13,Thuế,
Tính_giá_vốn_món_chính,13,18,R13,Giá bán lãi 40%,
Tính_giá_vốn_món_chính,13,19,S13,Thuế,
Tính_giá_vốn_món_chính,14,1,A14,Thịt bò thăn,
Tính_giá_vốn_món_chính,14,2,B14,KG,
Tính_giá_vốn_món_chính,14,3,C14,290000.0,
Tính_giá_vốn_món_chính,14,4,D14,1000.0,
Tính_giá_vốn_món_chính,14,5,E14,290,=SUM(C14/D14)
Tính_giá_vốn_món_chính,14,11,K14,Ức gà,
Tính_giá_vốn_món_chính,14,12,L14,G,
Tính_giá_vốn_món_chính,14,13,M14,1000.0,
Tính_giá_vốn_món_chính,14,14,N14,70000.0,
Tính_giá_vốn_món_chính,15,1,A15,Đùi bò,
Tính_giá_vốn_món_chính,15,2,B15,KG,
Tính_giá_vốn_món_chính,15,3,C15,260000.0,
Tính_giá_vốn_món_chính,15,4,D15,1000.0,
Tính_giá_vốn_món_chính,15,5,E15,260,=SUM(C15/D15)
Tính_giá_vốn_món_chính,15,11,K15,gia vị ngũ vị,
Tính_giá_vốn_món_chính,15,12,L15,G,
Tính_giá_vốn_món_chính,15,13,M15,15.0,
Tính_giá_vốn_món_chính,15,14,N15,4678.938776,=M15*'Danh_sách_gia_vị'!J11
Tính_giá_vốn_món_chính,16,1,A16,Cá chẻm phi lê,
Tính_giá_vốn_món_chính,16,2,B16,KG,
Tính_giá_vốn_món_chính,16,3,C16,190000.0,
Tính_giá_vốn_món_chính,16,4,D16,1000.0,
Tính_giá_vốn_món_chính,16,5,E16,190,=SUM(C16/D16)
Tính_giá_vốn_món_chính,16,11,K16,Tỏi băm + trang trí,
Tính_giá_vốn_món_chính,16,12,L16,G,
Tính_giá_vốn_món_chính,16,13,M16,20.0,
Tính_giá_vốn_món_chính,16,14,N16,1000,=M16*E17
Tính_giá_vốn_món_chính,17,1,A17,Tỏi và trang trí,
Tính_giá_vốn_món_chính,17,2,B17,KG,
Tính_giá_vốn_món_chính,17,3,C17,50000.0,
Tính_giá_vốn_món_chính,17,4,D17,1000.0,
Tính_giá_vốn_món_chính,17,5,E17,50,=SUM(C17/D17)
Tính_giá_vốn_món_chính,17,11,K17,Giấy,
Tính_giá_vốn_món_chính,17,12,L17,tờ,
Tính_giá_vốn_món_chính,17,13,M17,6.0,
Tính_giá_vốn_món_chính,17,14,N17,1020,=M17*E6
Tính_giá_vốn_món_chính,18,1,A18,Cá hồi,
Tính_giá_vốn_món_chính,18,2,B18,KG,
Tính_giá_vốn_món_chính,18,3,C18,380000.0,
Tính_giá_vốn_món_chính,18,4,D18,1000.0,
Tính_giá_vốn_món_chính,18,5,E18,380,=SUM(C18/D18)
Tính_giá_vốn_món_chính,18,11,K18,Bao tay,
Tính_giá_vốn_món_chính,18,12,L18,Cái,
Tính_giá_vốn_món_chính,18,13,M18,2.0,
Tính_giá_vốn_món_chính,18,14,N18,1840,=M18*E5
Tính_giá_vốn_món_chính,19,1,A19,"Phát sinh phụ (công, dụng cụ)",
Tính_giá_vốn_món_chính,19,2,B19,KG,
Tính_giá_vốn_món_chính,19,3,C19,50000.0,
Tính_giá_vốn_món_chính,19,4,D19,1000.0,
Tính_giá_vốn_món_chính,19,5,E19,50,=SUM(C19/D19)
Tính_giá_vốn_món_chính,19,11,K19,Túi hút ,
Tính_giá_vốn_món_chính,19,12,L19,Cái,
Tính_giá_vốn_món_chính,19,13,M19,10.0,
Tính_giá_vốn_món_chính,19,14,N19,6500,=M19*E3
Tính_giá_vốn_món_chính,20,1,A20,Tem nhãn,
Tính_giá_vốn_món_chính,20,2,B20,Cái,
Tính_giá_vốn_món_chính,20,3,C20,365000,=340000+25000
Tính_giá_vốn_món_chính,20,4,D20,500.0,
Tính_giá_vốn_món_chính,20,5,E20,730,=SUM(C20/D20)
Tính_giá_vốn_món_chính,20,11,K20,Dầu,
Tính_giá_vốn_món_chính,20,12,L20,G,
Tính_giá_vốn_món_chính,20,13,M20,20.0,
Tính_giá_vốn_món_chính,20,14,N20,1700,=M20*E4
Tính_giá_vốn_món_chính,21,1,A21,Túi giữ nhiệt,
Tính_giá_vốn_món_chính,21,2,B21,Gói,
Tính_giá_vốn_món_chính,21,3,C21,9000.0,
Tính_giá_vốn_món_chính,21,4,D21,5.0,
Tính_giá_vốn_món_chính,21,5,E21,1800,=SUM(C21/D21)
Tính_giá_vốn_món_chính,21,11,K21,Phát sinh phụ,
Tính_giá_vốn_món_chính,21,12,L21,KG,
Tính_giá_vốn_món_chính,21,13,M21,1000.0,
Tính_giá_vốn_món_chính,21,14,N21,50000,=M21*E19
Tính_giá_vốn_món_chính,22,11,K22,Tem nhãn,
Tính_giá_vốn_món_chính,22,12,L22,Cái,
Tính_giá_vốn_món_chính,22,13,M22,10.0,
Tính_giá_vốn_món_chính,22,14,N22,7300,=M22*E20
Tính_giá_vốn_món_chính,23,11,K23,Túi giữ nhiệt,
Tính_giá_vốn_món_chính,23,12,L23,Gói,
Tính_giá_vốn_món_chính,23,13,M23,1.0,
Tính_giá_vốn_món_chính,23,14,N23,1800,=M23*E21
Tính_giá_vốn_món_chính,24,1,A24,Thăn bò ngũ vị 1KG/10bich 100g,
Tính_giá_vốn_món_chính,24,2,B24,Đơn vị tính,
Tính_giá_vốn_món_chính,24,3,C24,Số lượng,
Tính_giá_vốn_món_chính,24,4,D24,Giá cost,
Tính_giá_vốn_món_chính,24,5,E24,Cost của 100g hoàn chỉnh,
Tính_giá_vốn_món_chính,24,6,F24,Giá sỉ lãi 30%,
Tính_giá_vốn_món_chính,24,7,G24,Thuế,
Tính_giá_vốn_món_chính,24,8,H24,Giá bán lãi 30%,
Tính_giá_vốn_món_chính,24,9,I24,Thuế,
Tính_giá_vốn_món_chính,24,11,K24,Tổng cộng,
Tính_giá_vốn_món_chính,24,14,N24,145838.9388,=SUM(N14:N23)
Tính_giá_vốn_món_chính,24,15,O24,14583.89388,=N24/10
Tính_giá_vốn_món_chính,24,16,P24,18959.06204,=O24*1.3
Tính_giá_vốn_món_chính,24,17,Q24,19812.21983,=P24*1.045
Tính_giá_vốn_món_chính,24,18,R24,24646.78065,=P24*1.3
Tính_giá_vốn_món_chính,24,19,S24,25755.88578,=R24*1.045
Tính_giá_vốn_món_chính,25,1,A25,Thăn bò,
Tính_giá_vốn_món_chính,25,2,B25,G,
Tính_giá_vốn_món_chính,25,3,C25,1000.0,
Tính_giá_vốn_món_chính,25,4,D25,290000,=C25*E14
Tính_giá_vốn_món_chính,25,11,K25,Gà gừng tỏi 1KG/10bich 100g,
Tính_giá_vốn_món_chính,25,12,L25,Đơn vị tính,
Tính_giá_vốn_món_chính,25,13,M25,Số lượng,
Tính_giá_vốn_món_chính,25,14,N25,Giá cost,
Tính_giá_vốn_món_chính,25,15,O25,Cost của 100g hoàn chỉnh,
Tính_giá_vốn_món_chính,25,16,P25,Giá sỉ lãi 30%,
Tính_giá_vốn_món_chính,25,17,Q25,Thuế,
Tính_giá_vốn_món_chính,25,18,R25,Giá bán lãi 40%,
Tính_giá_vốn_món_chính,25,19,S25,Thuế,
Tính_giá_vốn_món_chính,26,1,A26,gia vị ngũ vị,
Tính_giá_vốn_món_chính,26,2,B26,G,
Tính_giá_vốn_món_chính,26,3,C26,15.0,
Tính_giá_vốn_món_chính,26,4,D26,7544.086651,=C26*'Danh_sách_gia_vị'!J43
Tính_giá_vốn_món_chính,26,11,K26,Ức gà,
Tính_giá_vốn_món_chính,26,12,L26,G,
Tính_giá_vốn_món_chính,26,13,M26,1000.0,
Tính_giá_vốn_món_chính,26,14,N26,70000,=M26*E12
Tính_giá_vốn_món_chính,27,1,A27,Tỏi băm + trang trí,
Tính_giá_vốn_món_chính,27,2,B27,G,
Tính_giá_vốn_món_chính,27,3,C27,20.0,
Tính_giá_vốn_món_chính,27,4,D27,1000,=C27*E17
Tính_giá_vốn_món_chính,27,11,K27,gia vị gừng tỏi,
Tính_giá_vốn_món_chính,27,12,L27,G,
Tính_giá_vốn_món_chính,27,13,M27,15.0,
Tính_giá_vốn_món_chính,27,14,N27,4383.380952,=M27*'Danh_sách_gia_vị'!J74
Tính_giá_vốn_món_chính,28,1,A28,Giấy,
Tính_giá_vốn_món_chính,28,2,B28,tờ,
Tính_giá_vốn_món_chính,28,3,C28,6.0,
Tính_giá_vốn_món_chính,28,4,D28,1020,=C28*E6
Tính_giá_vốn_món_chính,28,11,K28,Tỏi băm + trang trí,
Tính_giá_vốn_món_chính,28,12,L28,G,
Tính_giá_vốn_món_chính,28,13,M28,20.0,
Tính_giá_vốn_món_chính,28,14,N28,1000,=M28*E17
Tính_giá_vốn_món_chính,29,1,A29,Bao tay,
Tính_giá_vốn_món_chính,29,2,B29,Cái,
Tính_giá_vốn_món_chính,29,3,C29,2.0,
Tính_giá_vốn_món_chính,29,4,D29,1840,=C29*E5
Tính_giá_vốn_món_chính,29,11,K29,Giấy,
Tính_giá_vốn_món_chính,29,12,L29,tờ,
Tính_giá_vốn_món_chính,29,13,M29,6.0,
Tính_giá_vốn_món_chính,29,14,N29,1020,=M29*E6
Tính_giá_vốn_món_chính,30,1,A30,Túi hút ,
Tính_giá_vốn_món_chính,30,2,B30,Cái,
Tính_giá_vốn_món_chính,30,3,C30,10.0,
Tính_giá_vốn_món_chính,30,4,D30,6500,=C30*E3
Tính_giá_vốn_món_chính,30,11,K30,Bao tay,
Tính_giá_vốn_món_chính,30,12,L30,Cái,
Tính_giá_vốn_món_chính,30,13,M30,2.0,
Tính_giá_vốn_món_chính,30,14,N30,1840,=M30*E5
Tính_giá_vốn_món_chính,31,1,A31,Dầu,
Tính_giá_vốn_món_chính,31,2,B31,G,
Tính_giá_vốn_món_chính,31,3,C31,20.0,
Tính_giá_vốn_món_chính,31,4,D31,1700,=C31*E4
Tính_giá_vốn_món_chính,31,11,K31,Túi hút ,
Tính_giá_vốn_món_chính,31,12,L31,Cái,
Tính_giá_vốn_món_chính,31,13,M31,10.0,
Tính_giá_vốn_món_chính,31,14,N31,6500,=M31*E3
Tính_giá_vốn_món_chính,32,1,A32,Phát sinh phụ,
Tính_giá_vốn_món_chính,32,2,B32,KG,
Tính_giá_vốn_món_chính,32,3,C32,1000.0,
Tính_giá_vốn_món_chính,32,4,D32,50000,=C32*E19
Tính_giá_vốn_món_chính,32,11,K32,Dầu,
Tính_giá_vốn_món_chính,32,12,L32,G,
Tính_giá_vốn_món_chính,32,13,M32,20.0,
Tính_giá_vốn_món_chính,32,14,N32,1700,=M32*E4
Tính_giá_vốn_món_chính,33,1,A33,Tem nhãn,
Tính_giá_vốn_món_chính,33,2,B33,Cái,
Tính_giá_vốn_món_chính,33,3,C33,10.0,
Tính_giá_vốn_món_chính,33,4,D33,7300,=C33*E20
Tính_giá_vốn_món_chính,33,11,K33,Phát sinh phụ,
Tính_giá_vốn_món_chính,33,12,L33,KG,
Tính_giá_vốn_món_chính,33,13,M33,1000.0,
Tính_giá_vốn_món_chính,33,14,N33,50000,=M33*E19
Tính_giá_vốn_món_chính,34,1,A34,Túi giữ nhiệt,
Tính_giá_vốn_món_chính,34,2,B34,Gói,
Tính_giá_vốn_món_chính,34,3,C34,1.0,
Tính_giá_vốn_món_chính,34,4,D34,1800,=C34*E21
Tính_giá_vốn_món_chính,34,11,K34,Tem nhãn,
Tính_giá_vốn_món_chính,34,12,L34,Cái,
Tính_giá_vốn_món_chính,34,13,M34,10.0,
Tính_giá_vốn_món_chính,34,14,N34,7300,=M34*E20
Tính_giá_vốn_món_chính,35,1,A35,Tổng cộng,
Tính_giá_vốn_món_chính,35,4,D35,368704.0867,=SUM(D25:D34)
Tính_giá_vốn_món_chính,35,5,E35,36870.40867,=D35/10
Tính_giá_vốn_món_chính,35,6,F35,47931.53126,=E35*1.3
Tính_giá_vốn_món_chính,35,7,G35,48650.50423,=F35*1.015
Tính_giá_vốn_món_chính,35,8,H35,62310.99064,=F35*1.3
Tính_giá_vốn_món_chính,35,9,I35,63245.6555,=H35*1.015
Tính_giá_vốn_món_chính,35,11,K35,Túi giữ nhiệt,
Tính_giá_vốn_món_chính,35,12,L35,Gói,
Tính_giá_vốn_món_chính,35,13,M35,1.0,
Tính_giá_vốn_món_chính,35,14,N35,1800,=M35*E21
Tính_giá_vốn_món_chính,36,1,A36,Thăn bò tây bắc 1KG/10bich 100g,
Tính_giá_vốn_món_chính,36,2,B36,Đơn vị tính,
Tính_giá_vốn_món_chính,36,3,C36,Số lượng,
Tính_giá_vốn_món_chính,36,4,D36,Giá cost,
Tính_giá_vốn_món_chính,36,5,E36,Cost của 100g hoàn chỉnh,
Tính_giá_vốn_món_chính,36,6,F36,Giá sỉ lãi 30%,
Tính_giá_vốn_món_chính,36,7,G36,Thuế,
Tính_giá_vốn_món_chính,36,8,H36,Giá bán lãi 30%,
Tính_giá_vốn_món_chính,36,9,I36,Thuế,
Tính_giá_vốn_món_chính,36,11,K36,Tổng cộng,
Tính_giá_vốn_món_chính,36,14,N36,145543.381,=SUM(N26:N35)
Tính_giá_vốn_món_chính,36,15,O36,14554.3381,=N36/10
Tính_giá_vốn_món_chính,36,16,P36,18920.63952,=O36*1.3
Tính_giá_vốn_món_chính,36,17,Q36,19772.0683,=P36*1.045
Tính_giá_vốn_món_chính,36,18,R36,24596.83138,=P36*1.3
Tính_giá_vốn_món_chính,36,19,S36,25703.68879,=R36*1.045
Tính_giá_vốn_món_chính,37,1,A37,Thăn bò,
Tính_giá_vốn_món_chính,37,2,B37,G,
Tính_giá_vốn_món_chính,37,3,C37,1000.0,
Tính_giá_vốn_món_chính,37,4,D37,290000,=C37*E14
Tính_giá_vốn_món_chính,37,11,K37,Ức gà sả chanh 1KG/10bich 100g,
Tính_giá_vốn_món_chính,37,12,L37,Đơn vị tính,
Tính_giá_vốn_món_chính,37,13,M37,Số lượng,
Tính_giá_vốn_món_chính,37,14,N37,Giá cost,
Tính_giá_vốn_món_chính,37,15,O37,Cost của 100g hoàn chỉnh,
Tính_giá_vốn_món_chính,37,16,P37,Giá sỉ lãi 30%,
Tính_giá_vốn_món_chính,37,17,Q37,Thuế,
Tính_giá_vốn_món_chính,37,18,R37,Giá bán lãi 40%,
Tính_giá_vốn_món_chính,37,19,S37,Thuế,
Tính_giá_vốn_món_chính,38,1,A38,gia vị tây bắc,
Tính_giá_vốn_món_chính,38,2,B38,G,
Tính_giá_vốn_món_chính,38,3,C38,15.0,
Tính_giá_vốn_món_chính,38,4,D38,7544.086651,=C38*'Danh_sách_gia_vị'!J43
Tính_giá_vốn_món_chính,38,11,K38,Ức gà,
Tính_giá_vốn_món_chính,38,12,L38,G,
Tính_giá_vốn_món_chính,38,13,M38,1000.0,
Tính_giá_vốn_món_chính,38,14,N38,70000,=M38*E12
Tính_giá_vốn_món_chính,39,1,A39,Tỏi băm + trang trí,
Tính_giá_vốn_món_chính,39,2,B39,G,
Tính_giá_vốn_món_chính,39,3,C39,20.0,
Tính_giá_vốn_món_chính,39,4,D39,1000,=C39*E17
Tính_giá_vốn_món_chính,39,11,K39,gia vị sả chanh,
Tính_giá_vốn_món_chính,39,12,L39,G,
Tính_giá_vốn_món_chính,39,13,M39,15.0,
Tính_giá_vốn_món_chính,39,14,N39,4249.937888,=M39*'Danh_sách_gia_vị'!J20
Tính_giá_vốn_món_chính,40,1,A40,Giấy,
Tính_giá_vốn_món_chính,40,2,B40,tờ,
Tính_giá_vốn_món_chính,40,3,C40,6.0,
Tính_giá_vốn_món_chính,40,4,D40,1020,=C40*E6
Tính_giá_vốn_món_chính,40,11,K40,Tỏi băm + trang trí,
Tính_giá_vốn_món_chính,40,12,L40,G,
Tính_giá_vốn_món_chính,40,13,M40,20.0,
Tính_giá_vốn_món_chính,40,14,N40,1000,=M40*E17
Tính_giá_vốn_món_chính,41,1,A41,Bao tay,
Tính_giá_vốn_món_chính,41,2,B41,Cái,
Tính_giá_vốn_món_chính,41,3,C41,2.0,
Tính_giá_vốn_món_chính,41,4,D41,1840,=C41*E5
Tính_giá_vốn_món_chính,41,11,K41,Giấy,
Tính_giá_vốn_món_chính,41,12,L41,tờ,
Tính_giá_vốn_món_chính,41,13,M41,6.0,
Tính_giá_vốn_món_chính,41,14,N41,1020,=M41*E6
Tính_giá_vốn_món_chính,42,1,A42,Túi hút ,
Tính_giá_vốn_món_chính,42,2,B42,Cái,
Tính_giá_vốn_món_chính,42,3,C42,10.0,
Tính_giá_vốn_món_chính,42,4,D42,6500,=C42*E3
Tính_giá_vốn_món_chính,42,11,K42,Bao tay,
Tính_giá_vốn_món_chính,42,12,L42,Cái,
Tính_giá_vốn_món_chính,42,13,M42,2.0,
Tính_giá_vốn_món_chính,42,14,N42,1840,=M42*E5
Tính_giá_vốn_món_chính,43,1,A43,Dầu,
Tính_giá_vốn_món_chính,43,2,B43,G,
Tính_giá_vốn_món_chính,43,3,C43,20.0,
Tính_giá_vốn_món_chính,43,4,D43,1700,=C43*E4
Tính_giá_vốn_món_chính,43,11,K43,Túi hút ,
Tính_giá_vốn_món_chính,43,12,L43,Cái,
Tính_giá_vốn_món_chính,43,13,M43,10.0,
Tính_giá_vốn_món_chính,43,14,N43,6500,=M43*E3
Tính_giá_vốn_món_chính,44,1,A44,Phát sinh phụ,
Tính_giá_vốn_món_chính,44,2,B44,KG,
Tính_giá_vốn_món_chính,44,3,C44,1000.0,
Tính_giá_vốn_món_chính,44,4,D44,50000,=C44*E19
Tính_giá_vốn_món_chính,44,11,K44,Dầu,
Tính_giá_vốn_món_chính,44,12,L44,G,
Tính_giá_vốn_món_chính,44,13,M44,20.0,
Tính_giá_vốn_món_chính,44,14,N44,1700,=M44*E4
Tính_giá_vốn_món_chính,45,1,A45,Tem nhãn,
Tính_giá_vốn_món_chính,45,2,B45,Cái,
Tính_giá_vốn_món_chính,45,3,C45,10.0,
Tính_giá_vốn_món_chính,45,4,D45,7300,=C45*E20
Tính_giá_vốn_món_chính,45,11,K45,Phát sinh phụ,
Tính_giá_vốn_món_chính,45,12,L45,KG,
Tính_giá_vốn_món_chính,45,13,M45,1000.0,
Tính_giá_vốn_món_chính,45,14,N45,50000,=M45*E19
Tính_giá_vốn_món_chính,46,1,A46,Túi giữ nhiệt,
Tính_giá_vốn_món_chính,46,2,B46,Gói,
Tính_giá_vốn_món_chính,46,3,C46,1.0,
Tính_giá_vốn_món_chính,46,4,D46,1800,=C46*E21
Tính_giá_vốn_món_chính,46,11,K46,Tem nhãn,
Tính_giá_vốn_món_chính,46,12,L46,Cái,
Tính_giá_vốn_món_chính,46,13,M46,10.0,
Tính_giá_vốn_món_chính,46,14,N46,7300,=M46*E20
Tính_giá_vốn_món_chính,47,1,A47,Tổng cộng,
Tính_giá_vốn_món_chính,47,4,D47,368704.0867,=SUM(D37:D46)
Tính_giá_vốn_món_chính,47,5,E47,36870.40867,=D47/10
Tính_giá_vốn_món_chính,47,6,F47,47931.53126,=E47*1.3
Tính_giá_vốn_món_chính,47,7,G47,50088.45017,=F47*1.045
Tính_giá_vốn_món_chính,47,8,H47,62310.99064,=F47*1.3
Tính_giá_vốn_món_chính,47,9,I47,65114.98522,=H47*1.045
Tính_giá_vốn_món_chính,47,11,K47,Túi giữ nhiệt,
Tính_giá_vốn_món_chính,47,12,L47,Gói,
Tính_giá_vốn_món_chính,47,13,M47,1.0,
Tính_giá_vốn_món_chính,47,14,N47,1800,=M47*E21
Tính_giá_vốn_món_chính,48,1,A48,Thăn bò Cajuṇ 1KG/10bich 100g,
Tính_giá_vốn_món_chính,48,2,B48,Đơn vị tính,
Tính_giá_vốn_món_chính,48,3,C48,Số lượng,
Tính_giá_vốn_món_chính,48,4,D48,Giá cost,
Tính_giá_vốn_món_chính,48,5,E48,Cost của 100g hoàn chỉnh,
Tính_giá_vốn_món_chính,48,6,F48,Giá sỉ lãi 30%,
Tính_giá_vốn_món_chính,48,7,G48,Thuế,
Tính_giá_vốn_món_chính,48,8,H48,Giá bán lãi 30%,
Tính_giá_vốn_món_chính,48,9,I48,Thuế,
Tính_giá_vốn_món_chính,48,14,N48,145409.9379,=SUM(N38:N47)
Tính_giá_vốn_món_chính,48,15,O48,14540.99379,=N48/10
Tính_giá_vốn_món_chính,48,16,P48,18903.29193,=O48*1.3
Tính_giá_vốn_món_chính,48,17,Q48,19753.94006,=P48*1.045
Tính_giá_vốn_món_chính,48,18,R48,24574.2795,=P48*1.3
Tính_giá_vốn_món_chính,48,19,S48,25680.12208,=R48*1.045
Tính_giá_vốn_món_chính,49,1,A49,Thăn bò,
Tính_giá_vốn_món_chính,49,2,B49,G,
Tính_giá_vốn_món_chính,49,3,C49,1000.0,
Tính_giá_vốn_món_chính,49,4,D49,290000,=C49*E14
Tính_giá_vốn_món_chính,49,11,K49,Gà cà ri 1KG/10bich 100g,
Tính_giá_vốn_món_chính,49,12,L49,Đơn vị tính,
Tính_giá_vốn_món_chính,49,13,M49,Số lượng,
Tính_giá_vốn_món_chính,49,14,N49,Giá cost,
Tính_giá_vốn_món_chính,49,15,O49,Cost của 100g hoàn chỉnh,
Tính_giá_vốn_món_chính,49,16,P49,Giá sỉ lãi 30%,
Tính_giá_vốn_món_chính,49,17,Q49,Thuế,
Tính_giá_vốn_món_chính,49,18,R49,Giá bán lãi 40%,
Tính_giá_vốn_món_chính,49,19,S49,Thuế,
Tính_giá_vốn_món_chính,50,1,A50,gia vị Cajun,
Tính_giá_vốn_món_chính,50,2,B50,G,
Tính_giá_vốn_món_chính,50,3,C50,15.0,
Tính_giá_vốn_món_chính,50,4,D50,7227.960165,=C50*'Danh_sách_gia_vị'!J55
Tính_giá_vốn_món_chính,50,11,K50,Ức gà,
Tính_giá_vốn_món_chính,50,12,L50,G,
Tính_giá_vốn_món_chính,50,13,M50,1000.0,
Tính_giá_vốn_món_chính,50,14,N50,70000,=M50*E12
Tính_giá_vốn_món_chính,51,1,A51,Tỏi băm + trang trí,
Tính_giá_vốn_món_chính,51,2,B51,G,
Tính_giá_vốn_món_chính,51,3,C51,20.0,
Tính_giá_vốn_món_chính,51,4,D51,1000,=C51*E17
Tính_giá_vốn_món_chính,51,11,K51,gia vị cà ri,
Tính_giá_vốn_món_chính,51,12,L51,G,
Tính_giá_vốn_món_chính,51,13,M51,15.0,
Tính_giá_vốn_món_chính,51,14,N51,3335.510204,=M51*'Danh_sách_gia_vị'!J83
Tính_giá_vốn_món_chính,52,1,A52,Giấy,
Tính_giá_vốn_món_chính,52,2,B52,tờ,
Tính_giá_vốn_món_chính,52,3,C52,6.0,
Tính_giá_vốn_món_chính,52,4,D52,1020,=C52*E6
Tính_giá_vốn_món_chính,52,11,K52,Tỏi băm + trang trí,
Tính_giá_vốn_món_chính,52,12,L52,G,
Tính_giá_vốn_món_chính,52,13,M52,20.0,
Tính_giá_vốn_món_chính,52,14,N52,1000,=M52*E17
Tính_giá_vốn_món_chính,53,1,A53,Bao tay,
Tính_giá_vốn_món_chính,53,2,B53,Cái,
Tính_giá_vốn_món_chính,53,3,C53,2.0,
Tính_giá_vốn_món_chính,53,4,D53,1840,=C53*E5
Tính_giá_vốn_món_chính,53,11,K53,Giấy,
Tính_giá_vốn_món_chính,53,12,L53,tờ,
Tính_giá_vốn_món_chính,53,13,M53,6.0,
Tính_giá_vốn_món_chính,53,14,N53,1020,=M53*E6
Tính_giá_vốn_món_chính,54,1,A54,Túi hút ,
Tính_giá_vốn_món_chính,54,2,B54,Cái,
Tính_giá_vốn_món_chính,54,3,C54,10.0,
Tính_giá_vốn_món_chính,54,4,D54,6500,=C54*E3
Tính_giá_vốn_món_chính,54,11,K54,Bao tay,
Tính_giá_vốn_món_chính,54,12,L54,Cái,
Tính_giá_vốn_món_chính,54,13,M54,2.0,
Tính_giá_vốn_món_chính,54,14,N54,1840,=M54*E5
Tính_giá_vốn_món_chính,55,1,A55,Dầu,
Tính_giá_vốn_món_chính,55,2,B55,G,
Tính_giá_vốn_món_chính,55,3,C55,20.0,
Tính_giá_vốn_món_chính,55,4,D55,1700,=C55*E4
Tính_giá_vốn_món_chính,55,11,K55,Túi hút ,
Tính_giá_vốn_món_chính,55,12,L55,Cái,
Tính_giá_vốn_món_chính,55,13,M55,10.0,
Tính_giá_vốn_món_chính,55,14,N55,6500,=M55*E3
Tính_giá_vốn_món_chính,56,1,A56,Phát sinh phụ,
Tính_giá_vốn_món_chính,56,2,B56,KG,
Tính_giá_vốn_món_chính,56,3,C56,1000.0,
Tính_giá_vốn_món_chính,56,4,D56,50000,=C56*E19
Tính_giá_vốn_món_chính,56,11,K56,Dầu,
Tính_giá_vốn_món_chính,56,12,L56,G,
Tính_giá_vốn_món_chính,56,13,M56,20.0,
Tính_giá_vốn_món_chính,56,14,N56,1700,=M56*E4
Tính_giá_vốn_món_chính,57,1,A57,Tem nhãn,
Tính_giá_vốn_món_chính,57,2,B57,Cái,
Tính_giá_vốn_món_chính,57,3,C57,10.0,
Tính_giá_vốn_món_chính,57,4,D57,7300,=C57*E20
Tính_giá_vốn_món_chính,57,11,K57,Phát sinh phụ,
Tính_giá_vốn_món_chính,57,12,L57,KG,
Tính_giá_vốn_món_chính,57,13,M57,1000.0,
Tính_giá_vốn_món_chính,57,14,N57,50000,=M57*E19
Tính_giá_vốn_món_chính,58,1,A58,Túi giữ nhiệt,
Tính_giá_vốn_món_chính,58,2,B58,Gói,
Tính_giá_vốn_món_chính,58,3,C58,1.0,
Tính_giá_vốn_món_chính,58,4,D58,1800,=C58*E21
Tính_giá_vốn_món_chính,58,11,K58,Tem nhãn,
Tính_giá_vốn_món_chính,58,12,L58,Cái,
Tính_giá_vốn_món_chính,58,13,M58,10.0,
Tính_giá_vốn_món_chính,58,14,N58,7300,=M58*E20
Tính_giá_vốn_món_chính,59,1,A59,Tổng cộng,
Tính_giá_vốn_món_chính,59,4,D59,368387.9602,=SUM(D49:D58)
Tính_giá_vốn_món_chính,59,5,E59,36838.79602,=D59/10
Tính_giá_vốn_món_chính,59,6,F59,47890.43482,=E59*1.3
Tính_giá_vốn_món_chính,59,7,G59,50045.50439,=F59*1.045
Tính_giá_vốn_món_chính,59,8,H59,62257.56527,=F59*1.3
Tính_giá_vốn_món_chính,59,9,I59,65059.1557,=H59*1.045
Tính_giá_vốn_món_chính,59,11,K59,Túi giữ nhiệt,
Tính_giá_vốn_món_chính,59,12,L59,Gói,
Tính_giá_vốn_món_chính,59,13,M59,1.0,
Tính_giá_vốn_món_chính,59,14,N59,1800,=M59*E21
Tính_giá_vốn_món_chính,60,11,K60,Tổng cộng,
Tính_giá_vốn_món_chính,60,14,N60,144495.5102,=SUM(N50:N59)
Tính_giá_vốn_món_chính,60,15,O60,14449.55102,=N60/10
Tính_giá_vốn_món_chính,60,16,P60,18784.41633,=O60*1.3
Tính_giá_vốn_món_chính,60,17,Q60,19629.71506,=P60*1.045
Tính_giá_vốn_món_chính,60,18,R60,24419.74122,=P60*1.3
Tính_giá_vốn_món_chính,60,19,S60,25518.62958,=R60*1.045
Tính_giá_vốn_món_chính,61,1,A61,Tôm gừng tỏi 1KG/10bich 100g,
Tính_giá_vốn_món_chính,61,2,B61,Đơn vị tính,
Tính_giá_vốn_món_chính,61,3,C61,Số lượng,
Tính_giá_vốn_món_chính,61,4,D61,Giá cost,
Tính_giá_vốn_món_chính,61,5,E61,Cost của 100g hoàn chỉnh,
Tính_giá_vốn_món_chính,61,6,F61,Giá sỉ lãi 30%,
Tính_giá_vốn_món_chính,61,7,G61,Thuế,
Tính_giá_vốn_món_chính,61,8,H61,Giá bán lãi 30%,
Tính_giá_vốn_món_chính,61,9,I61,Thuế,
Tính_giá_vốn_món_chính,62,1,A62,Tôm,
Tính_giá_vốn_món_chính,62,2,B62,G,
Tính_giá_vốn_món_chính,62,3,C62,1000.0,
Tính_giá_vốn_món_chính,62,4,D62,400000,=C62*E10
Tính_giá_vốn_món_chính,62,11,K62,Cốt lết mè rang 1KG/10bich 100g,
Tính_giá_vốn_món_chính,62,12,L62,Đơn vị tính,
Tính_giá_vốn_món_chính,62,13,M62,Số lượng,
Tính_giá_vốn_món_chính,62,14,N62,Giá cost,
Tính_giá_vốn_món_chính,62,15,O62,Cost của 100g hoàn chỉnh,
Tính_giá_vốn_món_chính,62,16,P62,Giá sỉ lãi 30%,
Tính_giá_vốn_món_chính,62,17,Q62,Thuế,
Tính_giá_vốn_món_chính,62,18,R62,Giá bán lãi 30%,
Tính_giá_vốn_món_chính,62,19,S62,Thuế,
Tính_giá_vốn_món_chính,63,1,A63,gia vị gừng tỏi,
Tính_giá_vốn_món_chính,63,2,B63,G,
Tính_giá_vốn_món_chính,63,3,C63,15.0,
Tính_giá_vốn_món_chính,63,4,D63,4383.380952,=C63*'Danh_sách_gia_vị'!J74
Tính_giá_vốn_món_chính,63,11,K63,Sườn cốt lết,
Tính_giá_vốn_món_chính,63,12,L63,G,
Tính_giá_vốn_món_chính,63,13,M63,1000.0,
Tính_giá_vốn_món_chính,63,14,N63,105000,=M63*E8
Tính_giá_vốn_món_chính,64,1,A64,Tỏi băm + trang trí,
Tính_giá_vốn_món_chính,64,2,B64,G,
Tính_giá_vốn_món_chính,64,3,C64,20.0,
Tính_giá_vốn_món_chính,64,4,D64,1000,=C64*E17
Tính_giá_vốn_món_chính,64,11,K64,gia vị mè rang,
Tính_giá_vốn_món_chính,64,12,L64,G,
Tính_giá_vốn_món_chính,64,13,M64,15.0,
Tính_giá_vốn_món_chính,64,14,N64,5140.790816,=M64*'Danh_sách_gia_vị'!J64
Tính_giá_vốn_món_chính,65,1,A65,Giấy,
Tính_giá_vốn_món_chính,65,2,B65,tờ,
Tính_giá_vốn_món_chính,65,3,C65,10.0,
Tính_giá_vốn_món_chính,65,4,D65,1700,=C65*E6
Tính_giá_vốn_món_chính,65,11,K65,Tỏi băm + trang trí,
Tính_giá_vốn_món_chính,65,12,L65,G,
Tính_giá_vốn_món_chính,65,13,M65,20.0,
Tính_giá_vốn_món_chính,65,14,N65,1000,=M65*E17
Tính_giá_vốn_món_chính,66,1,A66,Bao tay,
Tính_giá_vốn_món_chính,66,2,B66,Cái,
Tính_giá_vốn_món_chính,66,3,C66,2.0,
Tính_giá_vốn_món_chính,66,4,D66,1840,=C66*E5
Tính_giá_vốn_món_chính,66,11,K66,Giấy,
Tính_giá_vốn_món_chính,66,12,L66,tờ,
Tính_giá_vốn_món_chính,66,13,M66,6.0,
Tính_giá_vốn_món_chính,66,14,N66,1020,=M66*E6
Tính_giá_vốn_món_chính,67,1,A67,Túi hút ,
Tính_giá_vốn_món_chính,67,2,B67,Cái,
Tính_giá_vốn_món_chính,67,3,C67,10.0,
Tính_giá_vốn_món_chính,67,4,D67,6500,=C67*E3
Tính_giá_vốn_món_chính,67,11,K67,Bao tay,
Tính_giá_vốn_món_chính,67,12,L67,Cái,
Tính_giá_vốn_món_chính,67,13,M67,2.0,
Tính_giá_vốn_món_chính,67,14,N67,1840,=M67*E5
Tính_giá_vốn_món_chính,68,1,A68,Dầu,
Tính_giá_vốn_món_chính,68,2,B68,G,
Tính_giá_vốn_món_chính,68,3,C68,20.0,
Tính_giá_vốn_món_chính,68,4,D68,1700,=C68*E4
Tính_giá_vốn_món_chính,68,11,K68,Túi hút ,
Tính_giá_vốn_món_chính,68,12,L68,Cái,
Tính_giá_vốn_món_chính,68,13,M68,10.0,
Tính_giá_vốn_món_chính,68,14,N68,6500,=M68*E3
Tính_giá_vốn_món_chính,69,1,A69,Phát sinh phụ khác ước tính,
Tính_giá_vốn_món_chính,69,2,B69,KG,
Tính_giá_vốn_món_chính,69,3,C69,1000.0,
Tính_giá_vốn_món_chính,69,4,D69,50000,=C69*E19
Tính_giá_vốn_món_chính,69,11,K69,Dầu,
Tính_giá_vốn_món_chính,69,12,L69,G,
Tính_giá_vốn_món_chính,69,13,M69,20.0,
Tính_giá_vốn_món_chính,69,14,N69,1700,=M69*E4
Tính_giá_vốn_món_chính,70,1,A70,Tem nhãn,
Tính_giá_vốn_món_chính,70,2,B70,Cái,
Tính_giá_vốn_món_chính,70,3,C70,10.0,
Tính_giá_vốn_món_chính,70,4,D70,7300,=C70*E20
Tính_giá_vốn_món_chính,70,11,K70,Phát sinh phụ,
Tính_giá_vốn_món_chính,70,12,L70,KG,
Tính_giá_vốn_món_chính,70,13,M70,1000.0,
Tính_giá_vốn_món_chính,70,14,N70,50000,=M70*E19
Tính_giá_vốn_món_chính,71,1,A71,Túi giữ nhiệt,
Tính_giá_vốn_món_chính,71,2,B71,Gói,
Tính_giá_vốn_món_chính,71,3,C71,1.0,
Tính_giá_vốn_món_chính,71,4,D71,1800,=C71*E21
Tính_giá_vốn_món_chính,71,11,K71,Tem nhãn,
Tính_giá_vốn_món_chính,71,12,L71,Cái,
Tính_giá_vốn_món_chính,71,13,M71,10.0,
Tính_giá_vốn_món_chính,71,14,N71,7300,=M71*E20
Tính_giá_vốn_món_chính,72,1,A72,Tổng cộng,
Tính_giá_vốn_món_chính,72,4,D72,476223.381,=SUM(D62:D71)
Tính_giá_vốn_món_chính,72,5,E72,47622.3381,=D72/10
Tính_giá_vốn_món_chính,72,6,F72,61909.03952,=E72*1.3
Tính_giá_vốn_món_chính,72,7,G72,64694.9463,=F72*1.045
Tính_giá_vốn_món_chính,72,8,H72,80481.75138,=F72*1.3
Tính_giá_vốn_món_chính,72,9,I72,84103.43019,=H72*1.045
Tính_giá_vốn_món_chính,72,11,K72,Túi giữ nhiệt,
Tính_giá_vốn_món_chính,72,12,L72,Gói,
Tính_giá_vốn_món_chính,72,13,M72,1.0,
Tính_giá_vốn_món_chính,72,14,N72,1800,=M72*E21
Tính_giá_vốn_món_chính,73,1,A73,Tôm cajun KG/10bich 100g,
Tính_giá_vốn_món_chính,73,2,B73,Đơn vị tính,
Tính_giá_vốn_món_chính,73,3,C73,Số lượng,
Tính_giá_vốn_món_chính,73,4,D73,Giá cost,
Tính_giá_vốn_món_chính,73,5,E73,Cost của 100g hoàn chỉnh,
Tính_giá_vốn_món_chính,73,6,F73,Giá sỉ lãi 30%,
Tính_giá_vốn_món_chính,73,7,G73,Thuế,
Tính_giá_vốn_món_chính,73,8,H73,Giá bán lãi 30%,
Tính_giá_vốn_món_chính,73,9,I73,Thuế,
Tính_giá_vốn_món_chính,73,11,K73,Tổng cộng,
Tính_giá_vốn_món_chính,73,14,N73,181300.7908,=SUM(N63:N72)
Tính_giá_vốn_món_chính,73,15,O73,18130.07908,=N73/10
Tính_giá_vốn_món_chính,73,16,P73,23569.10281,=O73*1.3
Tính_giá_vốn_món_chính,73,17,Q73,24629.71243,=P73*1.045
Tính_giá_vốn_món_chính,73,18,R73,30639.83365,=P73*1.3
Tính_giá_vốn_món_chính,73,19,S73,32018.62616,=R73*1.045
Tính_giá_vốn_món_chính,74,1,A74,Tôm,
Tính_giá_vốn_món_chính,74,2,B74,G,
Tính_giá_vốn_món_chính,74,3,C74,1000.0,
Tính_giá_vốn_món_chính,74,4,D74,400000,=C74*E10
Tính_giá_vốn_món_chính,74,11,K74,Cốt lết gừng tỏi 1KG/10bich 100g,
Tính_giá_vốn_món_chính,74,12,L74,Đơn vị tính,
Tính_giá_vốn_món_chính,74,13,M74,Số lượng,
Tính_giá_vốn_món_chính,74,14,N74,Giá cost,
Tính_giá_vốn_món_chính,74,15,O74,Cost của 100g hoàn chỉnh,
Tính_giá_vốn_món_chính,74,16,P74,Giá sỉ lãi 30%,
Tính_giá_vốn_món_chính,74,17,Q74,Thuế,
Tính_giá_vốn_món_chính,74,18,R74,Giá bán lãi 30%,
Tính_giá_vốn_món_chính,74,19,S74,Thuế,
Tính_giá_vốn_món_chính,75,1,A75,gia vị Cajun,
Tính_giá_vốn_món_chính,75,2,B75,G,
Tính_giá_vốn_món_chính,75,3,C75,15.0,
Tính_giá_vốn_món_chính,75,4,D75,7227.960165,=C75*'Danh_sách_gia_vị'!J55
Tính_giá_vốn_món_chính,75,11,K75,Sườn cốt lết,
Tính_giá_vốn_món_chính,75,12,L75,G,
Tính_giá_vốn_món_chính,75,13,M75,1000.0,
Tính_giá_vốn_món_chính,75,14,N75,105000,=M75*E8
Tính_giá_vốn_món_chính,76,1,A76,Tỏi băm + trang trí,
Tính_giá_vốn_món_chính,76,2,B76,G,
Tính_giá_vốn_món_chính,76,3,C76,20.0,
Tính_giá_vốn_món_chính,76,4,D76,1000,=C76*E17
Tính_giá_vốn_món_chính,76,11,K76,gia vị gừng tỏi,
Tính_giá_vốn_món_chính,76,12,L76,G,
Tính_giá_vốn_món_chính,76,13,M76,15.0,
Tính_giá_vốn_món_chính,76,14,N76,4383.380952,=M76*'Danh_sách_gia_vị'!J74
Tính_giá_vốn_món_chính,77,1,A77,Giấy,
Tính_giá_vốn_món_chính,77,2,B77,tờ,
Tính_giá_vốn_món_chính,77,3,C77,10.0,
Tính_giá_vốn_món_chính,77,4,D77,1700,=C77*E6
Tính_giá_vốn_món_chính,77,11,K77,Tỏi băm + trang trí,
Tính_giá_vốn_món_chính,77,12,L77,G,
Tính_giá_vốn_món_chính,77,13,M77,20.0,
Tính_giá_vốn_món_chính,77,14,N77,1000,=M77*E17
Tính_giá_vốn_món_chính,78,1,A78,Bao tay,
Tính_giá_vốn_món_chính,78,2,B78,Cái,
Tính_giá_vốn_món_chính,78,3,C78,2.0,
Tính_giá_vốn_món_chính,78,4,D78,1840,=C78*E5
Tính_giá_vốn_món_chính,78,11,K78,Giấy,
Tính_giá_vốn_món_chính,78,12,L78,tờ,
Tính_giá_vốn_món_chính,78,13,M78,6.0,
Tính_giá_vốn_món_chính,78,14,N78,1020,=M78*E6
Tính_giá_vốn_món_chính,79,1,A79,Túi hút ,
Tính_giá_vốn_món_chính,79,2,B79,Cái,
Tính_giá_vốn_món_chính,79,3,C79,10.0,
Tính_giá_vốn_món_chính,79,4,D79,6500,=C79*E3
Tính_giá_vốn_món_chính,79,11,K79,Bao tay,
Tính_giá_vốn_món_chính,79,12,L79,Cái,
Tính_giá_vốn_món_chính,79,13,M79,2.0,
Tính_giá_vốn_món_chính,79,14,N79,1840,=M79*E5
Tính_giá_vốn_món_chính,80,1,A80,Dầu,
Tính_giá_vốn_món_chính,80,2,B80,G,
Tính_giá_vốn_món_chính,80,3,C80,20.0,
Tính_giá_vốn_món_chính,80,4,D80,1700,=C80*E4
Tính_giá_vốn_món_chính,80,11,K80,Túi hút ,
Tính_giá_vốn_món_chính,80,12,L80,Cái,
Tính_giá_vốn_món_chính,80,13,M80,10.0,
Tính_giá_vốn_món_chính,80,14,N80,6500,=M80*E3
Tính_giá_vốn_món_chính,81,1,A81,Phát sinh phụ khác ước tính,
Tính_giá_vốn_món_chính,81,2,B81,KG,
Tính_giá_vốn_món_chính,81,3,C81,1000.0,
Tính_giá_vốn_món_chính,81,4,D81,50000,=C81*E19
Tính_giá_vốn_món_chính,81,11,K81,Dầu,
Tính_giá_vốn_món_chính,81,12,L81,G,
Tính_giá_vốn_món_chính,81,13,M81,20.0,
Tính_giá_vốn_món_chính,81,14,N81,1700,=M81*E4
Tính_giá_vốn_món_chính,82,1,A82,Tem nhãn,
Tính_giá_vốn_món_chính,82,2,B82,Cái,
Tính_giá_vốn_món_chính,82,3,C82,10.0,
Tính_giá_vốn_món_chính,82,4,D82,7300,=C82*E20
Tính_giá_vốn_món_chính,82,11,K82,Phát sinh phụ,
Tính_giá_vốn_món_chính,82,12,L82,KG,
Tính_giá_vốn_món_chính,82,13,M82,1000.0,
Tính_giá_vốn_món_chính,82,14,N82,50000,=M82*E19
Tính_giá_vốn_món_chính,83,1,A83,Túi giữ nhiệt,
Tính_giá_vốn_món_chính,83,2,B83,Gói,
Tính_giá_vốn_món_chính,83,3,C83,1.0,
Tính_giá_vốn_món_chính,83,4,D83,1800,=C83*E21
Tính_giá_vốn_món_chính,83,11,K83,Tem nhãn,
Tính_giá_vốn_món_chính,83,12,L83,Cái,
Tính_giá_vốn_món_chính,83,13,M83,10.0,
Tính_giá_vốn_món_chính,83,14,N83,7300,=M83*E20
Tính_giá_vốn_món_chính,84,1,A84,Tổng cộng,
Tính_giá_vốn_món_chính,84,4,D84,479067.9602,=SUM(D74:D83)
Tính_giá_vốn_món_chính,84,5,E84,47906.79602,=D84/10
Tính_giá_vốn_món_chính,84,6,F84,62278.83482,=E84*1.3
Tính_giá_vốn_món_chính,84,7,G84,65081.38239,=F84*1.045
Tính_giá_vốn_món_chính,84,8,H84,80962.48527,=F84*1.3
Tính_giá_vốn_món_chính,84,9,I84,84605.7971,=H84*1.045
Tính_giá_vốn_món_chính,84,11,K84,Túi giữ nhiệt,
Tính_giá_vốn_món_chính,84,12,L84,Gói,
Tính_giá_vốn_món_chính,84,13,M84,1.0,
Tính_giá_vốn_món_chính,84,14,N84,1800,=M84*E21
Tính_giá_vốn_món_chính,85,11,K85,Tổng cộng,
Tính_giá_vốn_món_chính,85,14,N85,180543.381,=SUM(N75:N84)
Tính_giá_vốn_món_chính,85,15,O85,18054.3381,=N85/10
Tính_giá_vốn_món_chính,85,16,P85,23470.63952,=O85*1.3
Tính_giá_vốn_món_chính,85,17,Q85,24526.8183,=P85*1.045
Tính_giá_vốn_món_chính,85,18,R85,30511.83138,=P85*1.3
Tính_giá_vốn_món_chính,85,19,S85,31884.86379,=R85*1.045
Tính_giá_vốn_món_chính,86,1,A86,Cá thu cà ri KG/10bich 100g,
Tính_giá_vốn_món_chính,86,2,B86,Đơn vị tính,
Tính_giá_vốn_món_chính,86,3,C86,Số lượng,
Tính_giá_vốn_món_chính,86,4,D86,Giá cost,
Tính_giá_vốn_món_chính,86,5,E86,Cost của 100g hoàn chỉnh,
Tính_giá_vốn_món_chính,86,6,F86,Giá sỉ lãi 30%,
Tính_giá_vốn_món_chính,86,7,G86,Thuế,
Tính_giá_vốn_món_chính,86,8,H86,Giá bán lãi 30%,
Tính_giá_vốn_món_chính,86,9,I86,Thuế,
Tính_giá_vốn_món_chính,86,11,K86,Nạt heo sả nghệ 1KG/10bich 100g,
Tính_giá_vốn_món_chính,86,12,L86,Đơn vị tính,
Tính_giá_vốn_món_chính,86,13,M86,Số lượng,
Tính_giá_vốn_món_chính,86,14,N86,Giá cost,
Tính_giá_vốn_món_chính,86,15,O86,Cost của 100g hoàn chỉnh,
Tính_giá_vốn_món_chính,86,16,P86,Giá sỉ lãi 30%,
Tính_giá_vốn_món_chính,86,17,Q86,Thuế,
Tính_giá_vốn_món_chính,86,18,R86,Giá bán lãi 30%,
Tính_giá_vốn_món_chính,86,19,S86,Thuế,
Tính_giá_vốn_món_chính,87,1,A87,Cá thu,
Tính_giá_vốn_món_chính,87,2,B87,G,
Tính_giá_vốn_món_chính,87,3,C87,1000.0,
Tính_giá_vốn_món_chính,87,4,D87,200000,=C87*E11
Tính_giá_vốn_món_chính,87,11,K87,Nạt heo,
Tính_giá_vốn_món_chính,87,12,L87,G,
Tính_giá_vốn_món_chính,87,13,M87,1000.0,
Tính_giá_vốn_món_chính,87,14,N87,105000,=M87*E9
Tính_giá_vốn_món_chính,88,1,A88,gia vị Cajun,
Tính_giá_vốn_món_chính,88,2,B88,G,
Tính_giá_vốn_món_chính,88,3,C88,15.0,
Tính_giá_vốn_món_chính,88,4,D88,7227.960165,=C88*'Danh_sách_gia_vị'!J55
Tính_giá_vốn_món_chính,88,11,K88,gia vị sả nghệ,
Tính_giá_vốn_món_chính,88,12,L88,G,
Tính_giá_vốn_món_chính,88,13,M88,15.0,
Tính_giá_vốn_món_chính,88,14,N88,5748.958333,=M88*'Danh_sách_gia_vị'!J31
Tính_giá_vốn_món_chính,89,1,A89,Tỏi băm + trang trí,
Tính_giá_vốn_món_chính,89,2,B89,G,
Tính_giá_vốn_món_chính,89,3,C89,20.0,
Tính_giá_vốn_món_chính,89,4,D89,1000,=C89*E17
Tính_giá_vốn_món_chính,89,11,K89,Tỏi băm + trang trí,
Tính_giá_vốn_món_chính,89,12,L89,G,
Tính_giá_vốn_món_chính,89,13,M89,20.0,
Tính_giá_vốn_món_chính,89,14,N89,1000,=M89*E17
Tính_giá_vốn_món_chính,90,1,A90,Giấy,
Tính_giá_vốn_món_chính,90,2,B90,tờ,
Tính_giá_vốn_món_chính,90,3,C90,10.0,
Tính_giá_vốn_món_chính,90,4,D90,1700,=C90*E6
Tính_giá_vốn_món_chính,90,11,K90,Giấy,
Tính_giá_vốn_món_chính,90,12,L90,tờ,
Tính_giá_vốn_món_chính,90,13,M90,6.0,
Tính_giá_vốn_món_chính,90,14,N90,1020,=M90*E6
Tính_giá_vốn_món_chính,91,1,A91,Bao tay,
Tính_giá_vốn_món_chính,91,2,B91,Cái,
Tính_giá_vốn_món_chính,91,3,C91,2.0,
Tính_giá_vốn_món_chính,91,4,D91,1840,=C91*E5
Tính_giá_vốn_món_chính,91,11,K91,Bao tay,
Tính_giá_vốn_món_chính,91,12,L91,Cái,
Tính_giá_vốn_món_chính,91,13,M91,2.0,
Tính_giá_vốn_món_chính,91,14,N91,1840,=M91*E5
Tính_giá_vốn_món_chính,92,1,A92,Túi hút ,
Tính_giá_vốn_món_chính,92,2,B92,Cái,
Tính_giá_vốn_món_chính,92,3,C92,10.0,
Tính_giá_vốn_món_chính,92,4,D92,6500,=C92*E3
Tính_giá_vốn_món_chính,92,11,K92,Túi hút ,
Tính_giá_vốn_món_chính,92,12,L92,Cái,
Tính_giá_vốn_món_chính,92,13,M92,10.0,
Tính_giá_vốn_món_chính,92,14,N92,6500,=M92*E3
Tính_giá_vốn_món_chính,93,1,A93,Dầu,
Tính_giá_vốn_món_chính,93,2,B93,G,
Tính_giá_vốn_món_chính,93,3,C93,20.0,
Tính_giá_vốn_món_chính,93,4,D93,1700,=C93*E4
Tính_giá_vốn_món_chính,93,11,K93,Dầu,
Tính_giá_vốn_món_chính,93,12,L93,G,
Tính_giá_vốn_món_chính,93,13,M93,20.0,
Tính_giá_vốn_món_chính,93,14,N93,1700,=M93*E4
Tính_giá_vốn_món_chính,94,1,A94,Phát sinh phụ khác ước tính,
Tính_giá_vốn_món_chính,94,2,B94,KG,
Tính_giá_vốn_món_chính,94,3,C94,1000.0,
Tính_giá_vốn_món_chính,94,4,D94,50000,=C94*E19
Tính_giá_vốn_món_chính,94,11,K94,Phát sinh phụ,
Tính_giá_vốn_món_chính,94,12,L94,KG,
Tính_giá_vốn_món_chính,94,13,M94,1000.0,
Tính_giá_vốn_món_chính,94,14,N94,50000,=M94*E19
Tính_giá_vốn_món_chính,95,1,A95,Tem nhãn,
Tính_giá_vốn_món_chính,95,2,B95,Cái,
Tính_giá_vốn_món_chính,95,3,C95,10.0,
Tính_giá_vốn_món_chính,95,4,D95,7300,=C95*E20
Tính_giá_vốn_món_chính,95,11,K95,Tem nhãn,
Tính_giá_vốn_món_chính,95,12,L95,Cái,
Tính_giá_vốn_món_chính,95,13,M95,10.0,
Tính_giá_vốn_món_chính,95,14,N95,7300,=M95*E20
Tính_giá_vốn_món_chính,96,1,A96,Túi giữ nhiệt,
Tính_giá_vốn_món_chính,96,2,B96,Gói,
Tính_giá_vốn_món_chính,96,3,C96,1.0,
Tính_giá_vốn_món_chính,96,4,D96,1800,=C96*E21
Tính_giá_vốn_món_chính,96,11,K96,Túi giữ nhiệt,
Tính_giá_vốn_món_chính,96,12,L96,Gói,
Tính_giá_vốn_món_chính,96,13,M96,1.0,
Tính_giá_vốn_món_chính,96,14,N96,1800,=M96*E21
Tính_giá_vốn_món_chính,97,1,A97,Tổng cộng,
Tính_giá_vốn_món_chính,97,4,D97,279067.9602,=SUM(D87:D96)
Tính_giá_vốn_món_chính,97,5,E97,27906.79602,=D97/10
Tính_giá_vốn_món_chính,97,6,F97,36278.83482,=E97*1.3
Tính_giá_vốn_món_chính,97,7,G97,37911.38239,=F97*1.045
Tính_giá_vốn_món_chính,97,8,H97,47162.48527,=F97*1.3
Tính_giá_vốn_món_chính,97,9,I97,49284.7971,=H97*1.045
Tính_giá_vốn_món_chính,97,11,K97,Tổng cộng,
Tính_giá_vốn_món_chính,97,14,N97,180108.9583,=SUM(N87:N95)
Tính_giá_vốn_món_chính,97,15,O97,18010.89583,=N97/10
Tính_giá_vốn_món_chính,97,16,P97,23414.16458,=O97*1.3
Tính_giá_vốn_món_chính,97,17,Q97,24467.80199,=P97*1.045
Tính_giá_vốn_món_chính,97,18,R97,30438.41396,=P97*1.3
Tính_giá_vốn_món_chính,97,19,S97,31808.14259,=R97*1.045
Tính_giá_vốn_món_chính,98,11,K98,Nạt heo ngũ vị 1KG/10bich 100g,
Tính_giá_vốn_món_chính,98,12,L98,Đơn vị tính,
Tính_giá_vốn_món_chính,98,13,M98,Số lượng,
Tính_giá_vốn_món_chính,98,14,N98,Giá cost,
Tính_giá_vốn_món_chính,98,15,O98,Cost của 100g hoàn chỉnh,
Tính_giá_vốn_món_chính,98,16,P98,Giá sỉ lãi 30%,
Tính_giá_vốn_món_chính,98,17,Q98,Thuế,
Tính_giá_vốn_món_chính,98,18,R98,Giá bán lãi 30%,
Tính_giá_vốn_món_chính,98,19,S98,Thuế,
Tính_giá_vốn_món_chính,99,1,A99,Cá hồi Cajun KG/10bich 100g,
Tính_giá_vốn_món_chính,99,2,B99,Đơn vị tính,
Tính_giá_vốn_món_chính,99,3,C99,Số lượng,
Tính_giá_vốn_món_chính,99,4,D99,Giá cost,
Tính_giá_vốn_món_chính,99,5,E99,Cost của 100g hoàn chỉnh,
Tính_giá_vốn_món_chính,99,6,F99,Giá sỉ lãi 30%,
Tính_giá_vốn_món_chính,99,7,G99,Thuế,
Tính_giá_vốn_món_chính,99,8,H99,Giá bán lãi 30%,
Tính_giá_vốn_món_chính,99,9,I99,Thuế,
Tính_giá_vốn_món_chính,99,11,K99,Nạt heo,
Tính_giá_vốn_món_chính,99,12,L99,G,
Tính_giá_vốn_món_chính,99,13,M99,1000.0,
Tính_giá_vốn_món_chính,99,14,N99,105000,=M99*E9
Tính_giá_vốn_món_chính,100,1,A100,Cá hồi ,
Tính_giá_vốn_món_chính,100,2,B100,G,
Tính_giá_vốn_món_chính,100,3,C100,1000.0,
Tính_giá_vốn_món_chính,100,4,D100,380000,=C100*E18
Tính_giá_vốn_món_chính,100,11,K100,gia vị ngũ vị,
Tính_giá_vốn_món_chính,100,12,L100,G,
Tính_giá_vốn_món_chính,100,13,M100,15.0,
Tính_giá_vốn_món_chính,100,14,N100,4678.938776,=M100*'Danh_sách_gia_vị'!J11
Tính_giá_vốn_món_chính,101,1,A101,gia vị Cajun,
Tính_giá_vốn_món_chính,101,2,B101,G,
Tính_giá_vốn_món_chính,101,3,C101,15.0,
Tính_giá_vốn_món_chính,101,4,D101,7227.960165,=C101*'Danh_sách_gia_vị'!J55
Tính_giá_vốn_món_chính,101,11,K101,Tỏi băm + trang trí,
Tính_giá_vốn_món_chính,101,12,L101,G,
Tính_giá_vốn_món_chính,101,13,M101,20.0,
Tính_giá_vốn_món_chính,101,14,N101,1000,=M101*E19
Tính_giá_vốn_món_chính,102,1,A102,Tỏi băm + trang trí,
Tính_giá_vốn_món_chính,102,2,B102,G,
Tính_giá_vốn_món_chính,102,3,C102,20.0,
Tính_giá_vốn_món_chính,102,4,D102,1000,=C102*E17
Tính_giá_vốn_món_chính,102,11,K102,Giấy,
Tính_giá_vốn_món_chính,102,12,L102,tờ,
Tính_giá_vốn_món_chính,102,13,M102,6.0,
Tính_giá_vốn_món_chính,102,14,N102,1020,=M102*E6
Tính_giá_vốn_món_chính,103,1,A103,Giấy,
Tính_giá_vốn_món_chính,103,2,B103,tờ,
Tính_giá_vốn_món_chính,103,3,C103,10.0,
Tính_giá_vốn_món_chính,103,4,D103,1700,=C103*E6
Tính_giá_vốn_món_chính,103,11,K103,Bao tay,
Tính_giá_vốn_món_chính,103,12,L103,Cái,
Tính_giá_vốn_món_chính,103,13,M103,2.0,
Tính_giá_vốn_món_chính,103,14,N103,1840,=M103*E5
Tính_giá_vốn_món_chính,104,1,A104,Bao tay,
Tính_giá_vốn_món_chính,104,2,B104,Cái,
Tính_giá_vốn_món_chính,104,3,C104,2.0,
Tính_giá_vốn_món_chính,104,4,D104,1840,=C104*E5
Tính_giá_vốn_món_chính,104,11,K104,Túi hút ,
Tính_giá_vốn_món_chính,104,12,L104,Cái,
Tính_giá_vốn_món_chính,104,13,M104,10.0,
Tính_giá_vốn_món_chính,104,14,N104,6500,=M104*E3
Tính_giá_vốn_món_chính,105,1,A105,Túi hút ,
Tính_giá_vốn_món_chính,105,2,B105,Cái,
Tính_giá_vốn_món_chính,105,3,C105,10.0,
Tính_giá_vốn_món_chính,105,4,D105,6500,=C105*E3
Tính_giá_vốn_món_chính,105,11,K105,Dầu,
Tính_giá_vốn_món_chính,105,12,L105,G,
Tính_giá_vốn_món_chính,105,13,M105,20.0,
Tính_giá_vốn_món_chính,105,14,N105,1700,=M105*E4
Tính_giá_vốn_món_chính,106,1,A106,Dầu,
Tính_giá_vốn_món_chính,106,2,B106,G,
Tính_giá_vốn_món_chính,106,3,C106,20.0,
Tính_giá_vốn_món_chính,106,4,D106,1000,=C106*E17
Tính_giá_vốn_món_chính,106,11,K106,Phát sinh phụ,
Tính_giá_vốn_món_chính,106,12,L106,KG,
Tính_giá_vốn_món_chính,106,13,M106,1000.0,
Tính_giá_vốn_món_chính,106,14,N106,50000,=M106*E19
Tính_giá_vốn_món_chính,107,1,A107,Phát sinh phụ khác ước tính,
Tính_giá_vốn_món_chính,107,2,B107,KG,
Tính_giá_vốn_món_chính,107,3,C107,1000.0,
Tính_giá_vốn_món_chính,107,4,D107,50000,=C107*E19
Tính_giá_vốn_món_chính,107,11,K107,Tem nhãn,
Tính_giá_vốn_món_chính,107,12,L107,Cái,
Tính_giá_vốn_món_chính,107,13,M107,10.0,
Tính_giá_vốn_món_chính,107,14,N107,7300,=M107*E20
Tính_giá_vốn_món_chính,108,1,A108,Tem nhãn,
Tính_giá_vốn_món_chính,108,2,B108,Cái,
Tính_giá_vốn_món_chính,108,3,C108,10.0,
Tính_giá_vốn_món_chính,108,4,D108,7300,=C108*E20
Tính_giá_vốn_món_chính,108,11,K108,Túi giữ nhiệt,
Tính_giá_vốn_món_chính,108,12,L108,Gói,
Tính_giá_vốn_món_chính,108,13,M108,1.0,
Tính_giá_vốn_món_chính,108,14,N108,1800,=M108*E21
Tính_giá_vốn_món_chính,109,1,A109,Túi giữ nhiệt,
Tính_giá_vốn_món_chính,109,2,B109,Gói,
Tính_giá_vốn_món_chính,109,3,C109,1.0,
Tính_giá_vốn_món_chính,109,4,D109,1800,=C109*E21
Tính_giá_vốn_món_chính,109,11,K109,Tổng cộng,
Tính_giá_vốn_món_chính,109,14,N109,180838.9388,=SUM(N99:N108)
Tính_giá_vốn_món_chính,109,15,O109,18083.89388,=N109/10
Tính_giá_vốn_món_chính,109,16,P109,23509.06204,=O109*1.3
Tính_giá_vốn_món_chính,109,17,Q109,24566.96983,=P109*1.045
Tính_giá_vốn_món_chính,109,18,R109,30561.78065,=P109*1.3
Tính_giá_vốn_món_chính,109,19,S109,31937.06078,=R109*1.045
Tính_giá_vốn_món_chính,110,1,A110,Tổng cộng,
Tính_giá_vốn_món_chính,110,4,D110,458367.9602,=SUM(D100:D109)
Tính_giá_vốn_món_chính,110,5,E110,45836.79602,=D110/10
Tính_giá_vốn_món_chính,110,6,F110,59000.0,
Tính_giá_vốn_món_chính,110,7,G110,61655,=F110*1.045
Tính_giá_vốn_món_chính,110,8,H110,76700,=F110*1.3
Tính_giá_vốn_món_chính,110,9,I110,80151.5,=H110*1.045
Tính_giá_vốn_món_chính,111,11,K111,Nạt heo tây bắc 1KG/10bich 100g,
Tính_giá_vốn_món_chính,111,12,L111,Đơn vị tính,
Tính_giá_vốn_món_chính,111,13,M111,Số lượng,
Tính_giá_vốn_món_chính,111,14,N111,Giá cost,
Tính_giá_vốn_món_chính,111,15,O111,Cost của 100g hoàn chỉnh,
Tính_giá_vốn_món_chính,111,16,P111,Giá sỉ lãi 30%,
Tính_giá_vốn_món_chính,111,17,Q111,Thuế,
Tính_giá_vốn_món_chính,111,18,R111,Giá bán lãi 30%,
Tính_giá_vốn_món_chính,111,19,S111,Thuế,
Tính_giá_vốn_món_chính,112,1,A112,Cá hồi Kiểu Âu KG/10bich 100g,
Tính_giá_vốn_món_chính,112,2,B112,Đơn vị tính,
Tính_giá_vốn_món_chính,112,3,C112,Số lượng,
Tính_giá_vốn_món_chính,112,4,D112,Giá cost,
Tính_giá_vốn_món_chính,112,5,E112,Cost của 100g hoàn chỉnh,
Tính_giá_vốn_món_chính,112,6,F112,Giá sỉ lãi 30%,
Tính_giá_vốn_món_chính,112,7,G112,Thuế,
Tính_giá_vốn_món_chính,112,8,H112,Giá bán lãi 30%,
Tính_giá_vốn_món_chính,112,9,I112,Thuế,
Tính_giá_vốn_món_chính,112,11,K112,Nạt heo,
Tính_giá_vốn_món_chính,112,12,L112,G,
Tính_giá_vốn_món_chính,112,13,M112,1000.0,
Tính_giá_vốn_món_chính,112,14,N112,105000,=M112*E9
Tính_giá_vốn_món_chính,113,1,A113,Cá hồi ,
Tính_giá_vốn_món_chính,113,2,B113,G,
Tính_giá_vốn_món_chính,113,3,C113,1000.0,
Tính_giá_vốn_món_chính,113,4,D113,380000,=C113*E18
Tính_giá_vốn_món_chính,113,11,K113,gia vị ngũ vị,
Tính_giá_vốn_món_chính,113,12,L113,G,
Tính_giá_vốn_món_chính,113,13,M113,15.0,
Tính_giá_vốn_món_chính,113,14,N113,7544.086651,=M113*'Danh_sách_gia_vị'!J43
Tính_giá_vốn_món_chính,114,1,A114,gia vị Kiểu Âu,
Tính_giá_vốn_món_chính,114,2,B114,G,
Tính_giá_vốn_món_chính,114,3,C114,15.0,
Tính_giá_vốn_món_chính,114,4,D114,2854.955752,=C114*'Danh_sách_gia_vị'!J94
Tính_giá_vốn_món_chính,114,11,K114,Tỏi băm + trang trí,
Tính_giá_vốn_món_chính,114,12,L114,G,
Tính_giá_vốn_món_chính,114,13,M114,20.0,
Tính_giá_vốn_món_chính,114,14,N114,1000,=M114*E17
Tính_giá_vốn_món_chính,115,1,A115,Tỏi băm + trang trí,
Tính_giá_vốn_món_chính,115,2,B115,G,
Tính_giá_vốn_món_chính,115,3,C115,20.0,
Tính_giá_vốn_món_chính,115,4,D115,1000,=C115*E17
Tính_giá_vốn_món_chính,115,11,K115,Giấy,
Tính_giá_vốn_món_chính,115,12,L115,tờ,
Tính_giá_vốn_món_chính,115,13,M115,6.0,
Tính_giá_vốn_món_chính,115,14,N115,1020,=M115*E6
Tính_giá_vốn_món_chính,116,1,A116,Giấy,
Tính_giá_vốn_món_chính,116,2,B116,tờ,
Tính_giá_vốn_món_chính,116,3,C116,10.0,
Tính_giá_vốn_món_chính,116,4,D116,1700,=C116*E6
Tính_giá_vốn_món_chính,116,11,K116,Bao tay,
Tính_giá_vốn_món_chính,116,12,L116,Cái,
Tính_giá_vốn_món_chính,116,13,M116,2.0,
Tính_giá_vốn_món_chính,116,14,N116,1840,=M116*E5
Tính_giá_vốn_món_chính,117,1,A117,Bao tay,
Tính_giá_vốn_món_chính,117,2,B117,Cái,
Tính_giá_vốn_món_chính,117,3,C117,2.0,
Tính_giá_vốn_món_chính,117,4,D117,1840,=C117*E5
Tính_giá_vốn_món_chính,117,11,K117,Túi hút ,
Tính_giá_vốn_món_chính,117,12,L117,Cái,
Tính_giá_vốn_món_chính,117,13,M117,10.0,
Tính_giá_vốn_món_chính,117,14,N117,6500,=M117*E3
Tính_giá_vốn_món_chính,118,1,A118,Túi hút ,
Tính_giá_vốn_món_chính,118,2,B118,Cái,
Tính_giá_vốn_món_chính,118,3,C118,10.0,
Tính_giá_vốn_món_chính,118,4,D118,6500,=C118*E3
Tính_giá_vốn_món_chính,118,11,K118,Dầu,
Tính_giá_vốn_món_chính,118,12,L118,G,
Tính_giá_vốn_món_chính,118,13,M118,20.0,
Tính_giá_vốn_món_chính,118,14,N118,1700,=M118*E4
Tính_giá_vốn_món_chính,119,1,A119,Dầu,
Tính_giá_vốn_món_chính,119,2,B119,G,
Tính_giá_vốn_món_chính,119,3,C119,20.0,
Tính_giá_vốn_món_chính,119,4,D119,1700,=C119*E4
Tính_giá_vốn_món_chính,119,11,K119,Phát sinh phụ,
Tính_giá_vốn_món_chính,119,12,L119,KG,
Tính_giá_vốn_món_chính,119,13,M119,1000.0,
Tính_giá_vốn_món_chính,119,14,N119,50000,=M119*E19
Tính_giá_vốn_món_chính,120,1,A120,Phát sinh phụ khác ước tính,
Tính_giá_vốn_món_chính,120,2,B120,KG,
Tính_giá_vốn_món_chính,120,3,C120,1000.0,
Tính_giá_vốn_món_chính,120,4,D120,50000,=C120*E19
Tính_giá_vốn_món_chính,120,11,K120,Tem nhãn,
Tính_giá_vốn_món_chính,120,12,L120,Cái,
Tính_giá_vốn_món_chính,120,13,M120,10.0,
Tính_giá_vốn_món_chính,120,14,N120,7300,=M120*E20
Tính_giá_vốn_món_chính,121,1,A121,Tem nhãn,
Tính_giá_vốn_món_chính,121,2,B121,Cái,
Tính_giá_vốn_món_chính,121,3,C121,10.0,
Tính_giá_vốn_món_chính,121,4,D121,7300,=C121*E20
Tính_giá_vốn_món_chính,121,11,K121,Túi giữ nhiệt,
Tính_giá_vốn_món_chính,121,12,L121,Gói,
Tính_giá_vốn_món_chính,121,13,M121,1.0,
Tính_giá_vốn_món_chính,121,14,N121,1800,=M121*E21
Tính_giá_vốn_món_chính,122,1,A122,Túi giữ nhiệt,
Tính_giá_vốn_món_chính,122,2,B122,Gói,
Tính_giá_vốn_món_chính,122,3,C122,1.0,
Tính_giá_vốn_món_chính,122,4,D122,1800,=C122*E21
Tính_giá_vốn_món_chính,122,11,K122,Tổng cộng,
Tính_giá_vốn_món_chính,122,14,N122,183704.0867,=SUM(N112:N121)
Tính_giá_vốn_món_chính,122,15,O122,18370.40867,=N122/10
Tính_giá_vốn_món_chính,122,16,P122,23881.53126,=O122*1.3
Tính_giá_vốn_món_chính,122,17,Q122,24956.20017,=P122*1.045
Tính_giá_vốn_món_chính,122,18,R122,31045.99064,=P122*1.3
Tính_giá_vốn_món_chính,122,19,S122,32443.06022,=R122*1.045
Tính_giá_vốn_món_chính,123,1,A123,Tổng cộng,
Tính_giá_vốn_món_chính,123,4,D123,454694.9558,=SUM(D113:D122)
Tính_giá_vốn_món_chính,123,5,E123,45469.49558,=D123/10
Tính_giá_vốn_món_chính,123,6,F123,55000.0,
Tính_giá_vốn_món_chính,123,7,G123,57475,=F123*1.045
Tính_giá_vốn_món_chính,123,8,H123,61000.0,
Tính_giá_vốn_món_chính,123,9,I123,63745,=H123*1.045
Tính_giá_vốn_món_chính,136,11,K136,Gà cajuṇ 1KG/10bich 100g,
Tính_giá_vốn_món_chính,136,12,L136,Đơn vị tính,
Tính_giá_vốn_món_chính,136,13,M136,Số lượng,
Tính_giá_vốn_món_chính,136,14,N136,Giá cost,
Tính_giá_vốn_món_chính,136,15,O136,Cost của 100g hoàn chỉnh,
Tính_giá_vốn_món_chính,136,16,P136,Giá sỉ lãi 30%,
Tính_giá_vốn_món_chính,136,17,Q136,Thuế,
Tính_giá_vốn_món_chính,136,18,R136,Giá bán lãi 30%,
Tính_giá_vốn_món_chính,136,19,S136,Thuế,
Tính_giá_vốn_món_chính,137,11,K137,Ức gà,
Tính_giá_vốn_món_chính,137,12,L137,G,
Tính_giá_vốn_món_chính,137,13,M137,1000.0,
Tính_giá_vốn_món_chính,137,14,N137,70000,=M137*E12
Tính_giá_vốn_món_chính,138,11,K138,gia vị cajum,
Tính_giá_vốn_món_chính,138,12,L138,G,
Tính_giá_vốn_món_chính,138,13,M138,15.0,
Tính_giá_vốn_món_chính,138,14,N138,#ERROR!,=[1]Danh_sánh_gia_vị!L55
Tính_giá_vốn_món_chính,139,11,K139,Tỏi băm + trang trí,
Tính_giá_vốn_món_chính,139,12,L139,G,
Tính_giá_vốn_món_chính,139,13,M139,20.0,
Tính_giá_vốn_món_chính,139,14,N139,1000,=M139*E17
Tính_giá_vốn_món_chính,140,11,K140,Giấy,
Tính_giá_vốn_món_chính,140,12,L140,tờ,
Tính_giá_vốn_món_chính,140,13,M140,6.0,
Tính_giá_vốn_món_chính,140,14,N140,1020,=M140*E6
Tính_giá_vốn_món_chính,141,11,K141,Bao tay,
Tính_giá_vốn_món_chính,141,12,L141,Cái,
Tính_giá_vốn_món_chính,141,13,M141,2.0,
Tính_giá_vốn_món_chính,141,14,N141,1840,=M141*E5
Tính_giá_vốn_món_chính,142,11,K142,Túi hút ,
Tính_giá_vốn_món_chính,142,12,L142,Cái,
Tính_giá_vốn_món_chính,142,13,M142,10.0,
Tính_giá_vốn_món_chính,142,14,N142,6500,=M142*E3
Tính_giá_vốn_món_chính,143,11,K143,Dầu,
Tính_giá_vốn_món_chính,143,12,L143,G,
Tính_giá_vốn_món_chính,143,13,M143,20.0,
Tính_giá_vốn_món_chính,143,14,N143,1000,=M143*E19
Tính_giá_vốn_món_chính,144,11,K144,Phát sinh phụ,
Tính_giá_vốn_món_chính,144,12,L144,KG,
Tính_giá_vốn_món_chính,144,13,M144,1000.0,
Tính_giá_vốn_món_chính,144,14,N144,50000,=M144*E19
Tính_giá_vốn_món_chính,145,11,K145,Tem nhãn,
Tính_giá_vốn_món_chính,145,12,L145,Cái,
Tính_giá_vốn_món_chính,145,13,M145,10.0,
Tính_giá_vốn_món_chính,145,14,N145,7300,=M145*E20
Tính_giá_vốn_món_chính,146,11,K146,Tổng cộng,
Tính_giá_vốn_món_chính,146,14,N146,#ERROR!,=SUM(N137:N145)
Tính_giá_vốn_món_chính,146,15,O146,#ERROR!,=N146/10
Tính_giá_vốn_món_chính,146,16,P146,#ERROR!,=O146*1.3
Tính_giá_vốn_món_chính,146,17,Q146,#ERROR!,=P146*1.015
Tính_giá_vốn_món_chính,146,18,R146,#ERROR!,=P146*1.3
Tính_giá_vốn_món_chính,146,19,S146,#ERROR!,=R146*1.015
Tính_giá_vốn_món_chính,148,11,K148,Cá thu ̣sả nghệ 1KG/10bich 100g,
Tính_giá_vốn_món_chính,148,12,L148,Đơn vị tính,
Tính_giá_vốn_món_chính,148,13,M148,Số lượng,
Tính_giá_vốn_món_chính,148,14,N148,Giá cost,
Tính_giá_vốn_món_chính,148,15,O148,Cost của 100g hoàn chỉnh,
Tính_giá_vốn_món_chính,148,16,P148,Giá sỉ lãi 30%,
Tính_giá_vốn_món_chính,148,17,Q148,Thuế,
Tính_giá_vốn_món_chính,148,18,R148,Giá bán lãi 30%,
Tính_giá_vốn_món_chính,148,19,S148,Thuế,
Tính_giá_vốn_món_chính,149,11,K149,Cá thu,
Tính_giá_vốn_món_chính,149,12,L149,G,
Tính_giá_vốn_món_chính,149,13,M149,1000.0,
Tính_giá_vốn_món_chính,149,14,N149,200000,=M149*E11
Tính_giá_vốn_món_chính,150,11,K150,gia vị sả nghệ,
Tính_giá_vốn_món_chính,150,12,L150,G,
Tính_giá_vốn_món_chính,150,13,M150,15.0,
Tính_giá_vốn_món_chính,150,14,N150,#ERROR!,=[1]Danh_sánh_gia_vị!L31
Tính_giá_vốn_món_chính,151,11,K151,Tỏi băm + trang trí,
Tính_giá_vốn_món_chính,151,12,L151,G,
Tính_giá_vốn_món_chính,151,13,M151,20.0,
Tính_giá_vốn_món_chính,151,14,N151,1000,=M151*E17
Tính_giá_vốn_món_chính,152,11,K152,Giấy,
Tính_giá_vốn_món_chính,152,12,L152,tờ,
Tính_giá_vốn_món_chính,152,13,M152,6.0,
Tính_giá_vốn_món_chính,152,14,N152,1020,=M152*E6
Tính_giá_vốn_món_chính,153,11,K153,Bao tay,
Tính_giá_vốn_món_chính,153,12,L153,Cái,
Tính_giá_vốn_món_chính,153,13,M153,2.0,
Tính_giá_vốn_món_chính,153,14,N153,1840,=M153*E5
Tính_giá_vốn_món_chính,154,11,K154,Túi hút ,
Tính_giá_vốn_món_chính,154,12,L154,Cái,
Tính_giá_vốn_món_chính,154,13,M154,10.0,
Tính_giá_vốn_món_chính,154,14,N154,6500,=M154*E3
Tính_giá_vốn_món_chính,155,11,K155,Dầu,
Tính_giá_vốn_món_chính,155,12,L155,G,
Tính_giá_vốn_món_chính,155,13,M155,20.0,
Tính_giá_vốn_món_chính,155,14,N155,1700,=M155*E4
Tính_giá_vốn_món_chính,156,11,K156,Phát sinh phụ,
Tính_giá_vốn_món_chính,156,12,L156,KG,
Tính_giá_vốn_món_chính,156,13,M156,1000.0,
Tính_giá_vốn_món_chính,156,14,N156,50000,=M156*E19
Tính_giá_vốn_món_chính,157,11,K157,Tem nhãn,
Tính_giá_vốn_món_chính,157,12,L157,Cái,
Tính_giá_vốn_món_chính,157,13,M157,10.0,
Tính_giá_vốn_món_chính,157,14,N157,7300,=M157*E20
Tính_giá_vốn_món_chính,158,11,K158,Tổng cộng,
Tính_giá_vốn_món_chính,158,14,N158,#ERROR!,=SUM(N149:N157)
Tính_giá_vốn_món_chính,158,15,O158,#ERROR!,=N158/10
Tính_giá_vốn_món_chính,158,16,P158,#ERROR!,=O158*1.3
Tính_giá_vốn_món_chính,158,17,Q158,#ERROR!,=P158*1.015
Tính_giá_vốn_món_chính,158,18,R158,#ERROR!,=P158*1.2
Tính_giá_vốn_món_chính,158,19,S158,#ERROR!,=R158*1.015
Tính_giá_vốn_món_chính,160,11,K160,Heo mè rang 1KG/10bich 100g,
Tính_giá_vốn_món_chính,160,12,L160,Đơn vị tính,
Tính_giá_vốn_món_chính,160,13,M160,Số lượng,
Tính_giá_vốn_món_chính,160,14,N160,Giá cost,
Tính_giá_vốn_món_chính,160,15,O160,Cost của 100g hoàn chỉnh,
Tính_giá_vốn_món_chính,160,16,P160,Giá sỉ lãi 30%,
Tính_giá_vốn_món_chính,160,17,Q160,Thuế,
Tính_giá_vốn_món_chính,160,18,R160,Giá bán lãi 30%,
Tính_giá_vốn_món_chính,160,19,S160,Thuế,
Tính_giá_vốn_món_chính,161,11,K161,Sườn cốt lết,
Tính_giá_vốn_món_chính,161,12,L161,G,
Tính_giá_vốn_món_chính,161,13,M161,1000.0,
Tính_giá_vốn_món_chính,161,14,N161,105000,=M161*E8
Tính_giá_vốn_món_chính,162,11,K162,gia vị mè rang,
Tính_giá_vốn_món_chính,162,12,L162,G,
Tính_giá_vốn_món_chính,162,13,M162,15.0,
Tính_giá_vốn_món_chính,162,14,N162,#ERROR!,=[1]Danh_sánh_gia_vị!L64
Tính_giá_vốn_món_chính,163,11,K163,Tỏi băm + trang trí,
Tính_giá_vốn_món_chính,163,12,L163,G,
Tính_giá_vốn_món_chính,163,13,M163,20.0,
Tính_giá_vốn_món_chính,163,14,N163,1000,=M163*E17
Tính_giá_vốn_món_chính,164,11,K164,Giấy,
Tính_giá_vốn_món_chính,164,12,L164,tờ,
Tính_giá_vốn_món_chính,164,13,M164,6.0,
Tính_giá_vốn_món_chính,164,14,N164,1020,=M164*E6
Tính_giá_vốn_món_chính,165,11,K165,Bao tay,
Tính_giá_vốn_món_chính,165,12,L165,Cái,
Tính_giá_vốn_món_chính,165,13,M165,2.0,
Tính_giá_vốn_món_chính,165,14,N165,1840,=M165*E5
Tính_giá_vốn_món_chính,166,11,K166,Túi hút ,
Tính_giá_vốn_món_chính,166,12,L166,Cái,
Tính_giá_vốn_món_chính,166,13,M166,10.0,
Tính_giá_vốn_món_chính,166,14,N166,6500,=M166*E3
Tính_giá_vốn_món_chính,167,11,K167,Dầu,
Tính_giá_vốn_món_chính,167,12,L167,G,
Tính_giá_vốn_món_chính,167,13,M167,20.0,
Tính_giá_vốn_món_chính,167,14,N167,1700,=M167*E4
Tính_giá_vốn_món_chính,168,11,K168,Phát sinh phụ,
Tính_giá_vốn_món_chính,168,12,L168,KG,
Tính_giá_vốn_món_chính,168,13,M168,1000.0,
Tính_giá_vốn_món_chính,168,14,N168,50000,=M168*E19
Tính_giá_vốn_món_chính,169,11,K169,Tem nhãn,
Tính_giá_vốn_món_chính,169,12,L169,Cái,
Tính_giá_vốn_món_chính,169,13,M169,10.0,
Tính_giá_vốn_món_chính,169,14,N169,7300,=M169*E20
Tính_giá_vốn_món_chính,170,11,K170,Tổng cộng,
Tính_giá_vốn_món_chính,170,14,N170,#ERROR!,=SUM(N161:N169)
Tính_giá_vốn_món_chính,170,15,O170,#ERROR!,=N170/10
Tính_giá_vốn_món_chính,170,16,P170,#ERROR!,=O170*1.3
Tính_giá_vốn_món_chính,170,17,Q170,#ERROR!,=P170*1.015
Tính_giá_vốn_món_chính,170,18,R170,#ERROR!,=P170*1.3
Tính_giá_vốn_món_chính,170,19,S170,#ERROR!,=R170*1.015
